source,target,weight
2,food,2738
2,good,2764
2,like,2399
2,time,2715
another,food,2759
another,good,2761
another,like,2466
another,order,1599
another,time,2973
bad,food,2983
bad,good,2935
bad,like,2359
bad,time,2408
come,experience,1801
come,food,5481
come,going,1520
come,good,5095
come,like,4136
come,never,2041
come,order,2440
come,restaurant,2306
come,take,1800
come,time,4922
come,want,1770
come,way,1751
done,good,1512
done,time,1693
eat,food,4381
eat,good,3730
eat,like,2716
eat,order,1727
eat,restaurant,1932
eat,time,2818
experience,food,4421
experience,good,4010
experience,like,3187
experience,never,1789
experience,order,1749
experience,restaurant,2236
experience,time,4188
experience,way,1544
food,going,3498
food,good,16638
food,hour,2817
food,like,9756
food,location,2487
food,long,2967
food,many,2857
food,never,4393
food,order,6293
food,restaurant,8147
food,take,3584
food,time,10998
food,tried,2655
food,usually,1537
food,want,3459
food,way,3799
going,good,3578
going,like,3146
going,never,1726
going,order,1515
going,restaurant,1518
going,time,3680
good,hour,2618
good,like,10171
good,location,2460
good,long,2702
good,many,2873
good,never,3826
good,order,5199
good,restaurant,6219
good,take,3469
good,time,10760
good,tried,2877
good,usually,1674
good,want,3602
good,way,3886
hour,like,2103
hour,time,2965
like,location,1884
like,long,2174
like,many,2423
like,never,3641
like,order,3970
like,restaurant,4305
like,take,3009
like,time,8221
like,tried,2063
like,want,3168
like,way,3422
location,time,2258
long,time,3318
many,restaurant,1578
many,time,2963
never,order,2105
never,restaurant,1997
never,take,1574
never,time,4401
never,way,1551
order,restaurant,2705
order,take,2177
order,time,4876
order,want,1638
order,way,1740
restaurant,take,1628
restaurant,time,4638
restaurant,want,1559
restaurant,way,1752
take,time,3815
time,tried,2478
time,want,3199
time,way,3519
always,even,2015
always,every,1596
always,ive,2596
always,like,3462
always,make,2194
always,nice,2035
always,year,1501
amazing,even,1607
amazing,ive,1580
amazing,like,2388
amazing,make,1547
amazing,nice,1501
check,like,1583
clean,like,1582
clean,nice,1679
even,every,1616
even,ive,2346
even,like,4771
even,lot,1758
even,make,2830
even,many,1506
even,nice,2525
even,review,1559
even,way,2140
every,ive,1628
every,like,2451
every,make,1549
ive,like,4123
ive,lot,1601
ive,make,2230
ive,nice,2141
ive,way,1595
ive,year,1690
like,lot,3312
like,make,4579
like,need,2308
like,nice,4531
like,nothing,1856
like,review,2447
like,top,1609
like,work,2074
like,year,2162
lot,make,1632
lot,nice,1988
make,nice,2300
make,way,2081
nice,way,1801
also,chicken,2418
also,day,2640
also,fresh,2055
also,friendly,2977
also,good,7718
also,long,1543
also,lot,2466
also,meal,2019
also,menu,2857
also,next,1932
also,place,7816
also,staff,2686
also,two,2351
breakfast,good,2078
breakfast,place,2257
chicken,fried,1775
chicken,good,4363
chicken,meal,1552
chicken,menu,1734
chicken,place,3923
choice,good,1635
choice,place,1576
day,friendly,1678
day,good,4045
day,next,1780
day,place,4463
day,staff,1831
day,two,1711
family,good,1665
family,place,1966
fresh,friendly,1639
fresh,good,3678
fresh,menu,1538
fresh,place,3958
fried,good,2400
fried,place,2078
friendly,good,5416
friendly,menu,1850
friendly,place,6073
friendly,staff,6140
good,large,1972
good,lot,3963
good,meal,3781
good,menu,5132
good,next,3153
good,place,15233
good,served,1746
good,staff,4937
good,two,3785
large,place,1940
long,place,2856
lot,place,4166
meal,menu,1878
meal,place,3507
menu,place,5185
menu,staff,1669
menu,two,1547
next,place,3190
place,served,1626
place,staff,5862
place,two,3890
delicious,dont,1797
delicious,favorite,1558
delicious,try,2318
dont,new,1722
dont,something,1800
dont,try,2382
new,try,1855
something,try,1599
area,good,3558
area,great,3346
area,like,2583
area,one,2779
area,really,2059
area,time,2957
area,well,1793
area,would,2386
beer,good,3098
beer,great,3069
beer,like,1915
beer,one,1783
beer,really,1606
beer,time,1873
cheese,good,3584
cheese,great,2791
cheese,like,2560
cheese,menu,1565
cheese,one,2295
cheese,really,1985
cheese,time,2328
cheese,try,1531
cheese,well,1606
cheese,would,1943
come,day,1914
come,great,4205
come,lot,1533
come,menu,2005
come,much,1885
come,one,3990
come,really,3111
come,try,2300
come,u,2345
come,well,2444
come,would,3879
day,great,3695
day,like,3448
day,much,1805
day,one,3845
day,really,2692
day,time,4090
day,try,1732
day,u,2072
day,well,2173
day,would,3253
eating,good,1554
fun,good,1501
fun,great,1827
gave,time,1629
good,great,12123
good,maybe,1966
good,much,4678
good,one,9173
good,option,2234
good,really,9279
good,salad,3319
good,sandwich,2724
good,see,2849
good,something,3039
good,try,5429
good,u,4989
good,wasnt,3205
good,well,6092
good,would,8331
great,like,7710
great,lot,3388
great,many,2519
great,menu,4283
great,much,3652
great,next,2731
great,one,7508
great,option,2036
great,owner,1500
great,really,7075
great,salad,2624
great,sandwich,2114
great,see,2431
great,something,2260
great,time,9585
great,try,4360
great,u,4395
great,wasnt,2239
great,well,5627
great,wine,1670
great,would,6810
like,maybe,1669
like,menu,3656
like,much,4016
like,next,2428
like,one,7827
like,option,1667
like,really,6649
like,salad,2135
like,sandwich,1719
like,see,2663
like,something,2941
like,try,3983
like,u,3937
like,wasnt,2574
like,well,4574
like,would,6746
lot,much,1588
lot,one,2982
lot,really,2611
lot,time,3149
lot,u,1508
lot,well,1870
lot,would,2396
many,one,2567
many,really,1752
many,well,1545
many,would,1936
maybe,one,1539
maybe,time,1657
menu,much,1789
menu,one,3579
menu,really,2867
menu,time,3751
menu,try,2489
menu,u,2221
menu,well,2428
menu,would,3073
much,one,3728
much,really,3064
much,time,4016
much,try,1838
much,u,2082
much,well,2251
much,would,3346
next,one,2655
next,really,1902
next,time,4348
next,try,1656
next,u,1767
next,well,1630
next,would,2350
one,option,1562
one,really,5714
one,salad,1905
one,sandwich,1586
one,see,2667
one,something,2559
one,time,8657
one,try,3810
one,u,4402
one,wasnt,2358
one,well,4563
one,would,6621
option,time,1644
really,salad,1744
really,see,1951
really,something,2059
really,time,6439
really,try,3152
really,u,3131
really,wasnt,2088
really,well,3717
really,would,5077
salad,time,2105
salad,would,1675
sandwich,time,1748
see,time,2798
see,well,1614
see,would,2324
something,time,2758
something,well,1504
something,would,2186
time,try,4368
time,u,4990
time,wasnt,2625
time,well,5075
time,would,7358
try,u,2010
try,well,2462
try,would,3286
u,wasnt,1545
u,well,2696
u,would,4105
wasnt,would,2317
well,would,3997
3,back,1873
3,go,1766
3,great,1917
3,place,2545
back,best,3436
back,customer,2002
back,go,7834
back,going,3696
back,great,7909
back,im,4006
back,long,1976
back,never,3491
back,order,3671
back,place,9306
back,really,5347
back,take,2820
back,told,2171
back,went,4387
best,go,3805
best,going,1585
best,great,5580
best,im,2245
best,never,1791
best,order,1961
best,place,6610
best,really,3005
best,take,1520
best,went,1734
busy,place,1991
customer,go,1710
customer,great,2030
customer,place,2349
full,great,1698
full,place,2149
go,going,2807
go,great,7421
go,im,3827
go,long,1990
go,never,3502
go,order,3586
go,place,10074
go,really,5148
go,take,2689
go,told,1716
go,went,3557
going,great,3078
going,im,2184
going,place,4060
going,really,2350
going,went,1775
great,im,4178
great,long,2038
great,never,3194
great,order,3738
great,place,14497
great,take,2968
great,went,3976
half,place,1592
im,never,2069
im,order,2220
im,place,5913
im,really,3545
im,take,1725
im,went,1991
long,really,1646
maybe,place,1910
never,place,4614
never,really,2487
never,went,1862
order,place,5356
order,really,2890
order,went,1896
place,really,8618
place,take,3949
place,told,2031
place,went,4705
really,take,2215
really,went,2881
actually,get,1599
actually,one,1694
around,didnt,1589
around,first,1569
around,get,2973
around,great,2899
around,one,3085
around,really,2136
around,u,1790
didnt,experience,1937
didnt,first,2441
didnt,get,4013
didnt,give,1636
didnt,going,1708
didnt,great,3421
didnt,know,2196
didnt,never,1920
didnt,one,4023
didnt,price,1534
didnt,really,3251
didnt,took,1697
didnt,u,2774
didnt,way,1787
enjoyed,great,1740
enjoyed,really,1672
experience,first,2348
experience,get,3113
experience,great,4206
experience,know,1517
experience,new,1528
experience,one,3546
experience,really,2632
experience,u,2455
favorite,get,2037
favorite,great,2861
favorite,one,2847
favorite,really,1549
find,get,2168
find,great,2455
find,one,2409
find,really,1717
first,get,3832
first,give,1546
first,going,1771
first,great,4162
first,know,1922
first,lot,1530
first,never,1945
first,new,1786
first,one,4185
first,price,1620
first,really,3111
first,took,1604
first,u,2625
first,way,1864
get,give,2701
get,going,3314
get,great,7740
get,hour,2647
get,know,3558
get,lot,2948
get,never,3754
get,new,2906
get,one,7768
get,price,3484
get,really,5781
get,took,2681
get,u,3947
get,way,3295
give,great,2534
give,one,2813
give,really,2063
give,u,1642
going,know,1614
going,one,3114
going,u,1660
great,highly,1931
great,hour,2393
great,know,3023
great,loved,2025
great,new,3613
great,perfect,2185
great,price,4806
great,took,2216
great,way,3139
hour,one,2441
hour,really,1667
hour,u,1556
know,never,1832
know,one,3476
know,really,2611
know,u,1885
know,way,1602
never,one,3701
never,u,2166
new,one,3245
new,orleans,2167
new,really,2256
new,u,1694
one,perfect,1602
one,price,3214
one,thought,1596
one,took,2519
one,way,3330
price,really,2720
price,u,1595
really,took,1748
really,way,2476
took,u,2206
u,way,1892
amazing,definitely,1917
amazing,delicious,2028
amazing,would,2168
beer,selection,1834
cheese,delicious,1666
definitely,delicious,2563
definitely,nice,2397
definitely,recommend,2092
definitely,would,3776
delicious,nice,2209
delicious,recommend,1528
delicious,would,2769
nice,recommend,1542
nice,would,4080
recommend,would,4054
also,bit,1921
also,even,3206
also,get,5462
also,go,4639
also,going,2066
also,like,5823
also,need,1623
also,pretty,2621
also,really,4820
also,went,2618
also,work,1506
also,would,4820
bit,get,2341
bit,go,2005
bit,like,2526
bit,really,1995
bit,would,2185
clean,get,1528
clean,staff,1837
even,get,4841
even,go,4086
even,going,2018
even,pretty,1788
even,really,3446
even,staff,2328
even,went,2453
even,would,4178
get,go,7090
get,like,7553
get,look,1977
get,looking,1774
get,need,2465
get,pretty,3225
get,put,1515
get,staff,3427
get,thats,1879
get,went,3593
get,work,2335
get,would,6383
go,like,6675
go,look,1724
go,looking,1706
go,need,2096
go,pretty,2739
go,staff,3174
go,thats,1589
go,work,1888
go,would,6063
going,would,2651
like,look,2771
like,looking,1945
like,pretty,3483
like,put,1585
like,staff,3398
like,thats,1993
like,went,3532
look,really,1645
look,would,1728
looking,really,1517
looking,would,1733
need,really,1752
need,would,1963
pretty,really,2909
pretty,went,1544
pretty,would,2763
really,staff,2912
really,work,1610
staff,went,1629
staff,would,3087
went,would,3587
work,would,1927
back,experience,3307
back,food,9216
back,good,8861
back,night,2819
back,one,6594
back,pretty,2679
back,said,2867
back,service,7110
back,well,4343
cooked,food,1931
cooked,good,1852
experience,go,2802
experience,im,1821
experience,service,3594
experience,well,2082
food,fun,1565
food,go,8833
food,im,4977
food,item,1874
food,kind,1966
food,maybe,1776
food,night,3951
food,one,9002
food,plate,2124
food,pretty,4246
food,really,7835
food,said,3024
food,service,14154
food,three,1522
food,waitress,2357
food,well,6020
go,good,8513
go,night,2532
go,one,6580
go,said,2328
go,service,6063
go,well,3922
good,im,5295
good,item,1734
good,kind,2112
good,night,3770
good,plate,1772
good,pretty,5557
good,said,3005
good,service,11351
good,three,1544
good,waitress,1760
im,one,4374
im,pretty,2109
im,said,1505
im,service,3466
im,well,2498
item,one,1508
kind,one,1711
night,one,3068
night,really,2257
night,service,2890
night,well,1856
one,order,4116
one,pretty,3098
one,said,2871
one,service,6731
one,three,1520
order,pretty,1707
order,said,1714
order,service,3954
order,well,2430
pretty,service,2816
pretty,well,2015
really,said,1967
really,service,5312
said,service,2435
said,well,1610
service,waitress,1500
service,well,4478
around,back,2554
around,came,1682
around,could,1522
around,even,1847
around,time,3368
around,would,2423
back,came,4574
back,could,3582
back,day,3404
back,even,4268
back,get,6504
back,hour,2109
back,left,1836
back,let,1506
back,made,3259
back,nothing,1580
back,probably,1560
back,small,2075
back,thing,3197
back,though,2018
back,time,8290
back,wanted,2028
back,would,6563
came,could,2240
came,day,1885
came,even,2602
came,experience,2017
came,get,3456
came,made,1916
came,one,3875
came,pretty,1689
came,thing,1794
came,time,4472
came,would,3751
could,day,2116
could,even,2651
could,experience,1862
could,get,3857
could,made,1919
could,one,4065
could,thing,2029
could,time,4093
could,told,1572
could,would,4081
customer,even,1531
customer,get,2080
customer,one,2102
customer,time,2479
customer,would,1883
day,even,2390
day,experience,1700
day,get,3657
day,made,1839
day,thing,1730
done,get,1687
even,experience,2209
even,hour,1610
even,made,2300
even,one,4895
even,thing,2365
even,though,2727
even,time,5401
experience,made,1951
experience,thing,1645
experience,would,3196
full,get,1545
full,one,1567
full,time,1763
get,getting,1662
get,left,1642
get,let,1718
get,made,3013
get,nothing,1599
get,probably,1539
get,small,2302
get,thing,3874
get,though,2302
get,time,8781
get,told,2074
get,wanted,1849
getting,one,1522
getting,time,1803
hour,would,2204
left,one,1871
left,time,1972
left,would,1679
let,one,1689
let,time,1794
made,one,3406
made,thing,1681
made,time,3788
made,would,3051
nothing,one,1651
nothing,time,1772
nothing,would,1566
one,probably,1759
one,small,2443
one,thing,4268
one,though,2337
one,told,2127
one,wanted,1939
pretty,thing,1663
pretty,time,3335
probably,time,1760
probably,would,1616
small,time,2457
small,would,2152
thing,time,4049
thing,would,3239
though,time,2483
though,would,2106
three,time,1585
time,told,2371
time,wanted,2225
told,would,2417
wanted,would,1998
dinner,great,2751
dinner,like,2061
dinner,menu,1605
great,happy,2233
great,location,2545
great,love,5173
great,taste,2140
happy,hour,1838
happy,like,1603
like,love,3739
like,taste,2702
love,menu,1751
appetizer,food,1885
appetizer,good,1778
food,id,1621
good,id,1903
service,slow,1605
better,first,1616
better,great,3082
better,im,1780
better,like,3252
better,little,1664
better,make,1846
better,much,2403
better,would,2868
excellent,great,2720
favorite,like,2043
first,im,2326
first,like,4004
first,little,2073
first,make,2218
first,much,1999
first,would,3709
going,little,1524
going,make,1813
great,hot,1999
great,little,4597
great,make,4520
great,super,2286
hot,like,1906
im,like,4600
im,little,2313
im,make,2448
im,much,2131
im,would,3327
like,little,4171
like,super,1651
little,make,2191
little,much,2161
little,would,3524
make,much,2064
make,would,3552
back,definitely,5060
back,friendly,3548
back,home,1914
back,nice,4099
back,perfect,1512
breakfast,great,1992
definitely,friendly,2285
definitely,great,4952
definitely,place,5436
friendly,great,6058
friendly,nice,2740
fry,great,1859
fry,place,2262
great,home,1949
great,nice,6032
home,place,2409
nice,place,6940
perfect,place,2403
atmosphere,back,1758
atmosphere,food,3586
atmosphere,service,2397
back,big,1552
back,delicious,3368
back,restaurant,3776
back,thats,1530
big,food,2224
big,service,1556
definitely,food,5096
definitely,pretty,1652
definitely,restaurant,2133
definitely,service,3497
delicious,food,6449
delicious,restaurant,2626
delicious,service,4011
food,thats,2027
food,top,2062
pretty,restaurant,1789
restaurant,service,5062
service,top,1628
always,food,4877
always,go,3338
always,menu,1514
always,time,4438
always,would,2208
big,go,1545
big,time,1940
big,would,1535
could,eat,1560
could,food,4399
could,go,3226
could,make,2231
could,menu,1738
could,still,1613
could,want,1567
dessert,food,1725
eat,go,2385
eat,menu,1549
eat,would,2360
every,food,2844
every,go,2366
every,time,3868
every,would,1840
everyone,food,1766
everyone,time,1625
food,loved,1925
food,make,5090
food,meal,4504
food,menu,5810
food,recommend,3597
food,server,3726
food,something,2974
food,spot,2430
food,still,3166
food,sweet,2105
food,wine,1606
food,would,8229
go,make,3843
go,meal,2191
go,menu,2989
go,recommend,1937
go,server,1649
go,something,2223
go,still,2369
go,time,7740
go,want,3062
item,menu,1685
make,menu,1972
make,still,1550
make,time,4901
make,want,1948
meal,time,2910
meal,would,2324
recommend,time,2748
server,time,2324
server,would,1797
spot,time,1756
still,time,3131
still,would,2553
sweet,time,1674
want,would,2459
another,didnt,1595
another,get,2531
another,go,2130
another,got,1758
another,great,2088
another,place,2947
bar,get,2634
bar,go,2397
bar,got,1505
bar,great,3729
bar,like,2817
bar,place,4150
clean,great,2357
clean,place,2754
didnt,go,3377
didnt,got,3153
didnt,ive,1785
didnt,like,4369
didnt,much,2258
didnt,place,4653
done,place,1657
ever,get,2502
ever,go,2489
ever,got,1651
ever,great,2663
ever,ive,3307
ever,like,2623
ever,place,3702
get,got,4578
get,ive,3968
get,much,3630
get,place,10420
get,recommend,2200
get,tried,1944
go,got,4000
go,ive,3397
go,much,3159
go,tried,1779
got,great,4665
got,ive,2102
got,like,4599
got,much,2250
got,place,6086
great,ive,4355
great,job,1521
great,recommend,3780
great,tried,2164
highly,place,1814
highly,recommend,3517
ive,much,1887
ive,place,5690
left,like,1646
left,place,1954
like,place,11217
like,recommend,2113
much,place,4883
place,recommend,4066
place,tried,3080
always,best,2383
always,favorite,1729
always,good,4659
always,people,1527
always,really,2512
best,even,2410
best,ever,4342
best,good,5507
best,ive,4253
best,lot,1545
best,people,1698
best,right,1544
enjoy,good,1607
even,ever,1853
even,good,5323
even,people,2346
even,right,1915
ever,good,3056
ever,really,1810
favorite,good,2732
good,ill,1852
good,ive,5109
good,people,4351
good,perfect,1990
good,probably,2200
good,right,3633
good,soup,1693
good,sweet,2488
good,work,2340
ive,people,1730
ive,really,3154
lot,people,1642
people,really,2820
really,right,2270
best,like,3926
inside,like,1520
also,beer,1579
also,cheese,2127
also,dont,3334
also,enough,1505
also,flavor,1800
also,much,2741
also,nice,3708
also,sauce,2145
also,think,2179
also,try,3124
burger,good,2457
cheese,sauce,1563
couple,good,1580
dont,good,5922
dont,much,2556
dont,nice,2461
dont,pretty,2034
dont,think,2686
enough,good,2712
flavor,good,3152
flavor,try,1561
good,nice,6867
good,open,1515
good,overall,2627
good,pizza,2266
good,sauce,3940
good,think,3704
good,visit,2290
meal,nice,1563
much,nice,2076
much,pretty,2209
much,think,1621
nice,pretty,2203
nice,sauce,1546
nice,think,1685
nice,try,2316
pretty,try,1646
sauce,try,1645
think,try,1557
also,always,2616
also,best,3279
also,great,6712
also,love,2978
also,order,3058
also,salad,1848
also,service,4990
also,time,6043
always,dont,2237
always,friendly,2463
always,great,4750
always,love,2985
always,order,1822
always,place,5185
always,service,3658
best,dont,2450
best,friendly,2376
best,love,2441
best,service,4383
best,time,4557
dont,friendly,1927
dont,go,4612
dont,great,4357
dont,love,2243
dont,order,2655
dont,place,6667
dont,service,4042
dont,time,5231
else,go,1545
else,place,1866
else,time,1589
friendly,go,3143
friendly,love,2344
friendly,order,1587
friendly,service,5014
friendly,time,4167
go,love,3434
go,probably,1500
go,salad,1710
go,youre,1718
great,however,1602
great,quick,1528
great,service,11535
great,town,1534
great,youre,1964
however,place,2124
however,service,1649
however,time,1928
love,order,1738
love,place,6619
love,service,3289
love,time,4094
place,probably,2213
place,quick,1672
place,salad,2916
place,service,10433
place,time,11250
place,town,1987
place,youre,2747
quick,service,1671
salad,service,2164
service,time,8503
time,youre,1840
3,food,2457
3,get,2089
3,good,2494
3,like,2013
3,one,2132
3,service,1878
3,time,2443
3,would,1908
4,food,1916
4,get,1590
4,good,1971
4,like,1527
4,one,1570
4,place,1927
4,time,1767
area,back,2370
area,dont,1554
area,even,1517
area,food,3554
area,get,2480
area,go,2283
area,little,1538
area,place,4083
area,service,2463
back,bit,2060
back,different,1666
back,dont,4002
back,favorite,1515
back,happy,1652
back,like,6573
back,little,3436
back,location,1530
back,lot,2495
back,love,2902
back,make,3600
back,minute,2615
back,next,2863
back,ordered,4144
back,people,2931
back,review,2267
back,sauce,2180
back,see,2321
back,server,2134
back,star,2138
back,think,2490
back,tried,2008
back,try,4030
back,wait,3196
back,want,2493
back,worth,1599
bit,food,3247
bit,good,3498
bit,little,1885
bit,one,2422
bit,ordered,1504
bit,place,3292
bit,service,2228
bit,time,2557
called,time,1536
choice,food,1600
decent,food,1780
decent,good,1689
decent,place,1702
different,food,2137
different,get,1754
different,go,1602
different,good,2307
different,like,1954
different,one,1941
different,place,2414
different,service,1503
different,time,2153
different,would,1642
dining,food,1751
dont,even,3294
dont,food,5851
dont,get,5400
dont,going,2079
dont,like,5573
dont,little,2353
dont,lot,1893
dont,make,2895
dont,minute,1540
dont,one,4831
dont,ordered,2204
dont,people,2488
dont,really,3818
dont,review,1699
dont,see,1780
dont,star,1626
dont,take,2179
dont,thing,2567
dont,though,1549
dont,wait,1788
dont,want,2554
dont,would,3854
even,food,5743
even,little,2247
even,love,2023
even,minute,1957
even,next,1575
even,order,2637
even,ordered,2376
even,place,6077
even,see,1676
even,service,4456
even,star,1584
even,take,2087
even,think,1797
even,try,2188
even,wait,1814
even,want,1841
fast,food,1952
fast,good,1509
fast,place,1651
fast,service,1747
favorite,food,3100
favorite,go,1899
favorite,love,1763
favorite,place,3628
favorite,service,1926
favorite,time,2290
felt,like,1672
food,get,9089
food,happy,2126
food,husband,1672
food,little,5192
food,lot,3598
food,love,5306
food,minute,3270
food,next,2938
food,ordered,6119
food,people,4447
food,place,16150
food,quality,2679
food,quite,1777
food,review,2864
food,rice,1978
food,sauce,3574
food,see,2605
food,star,3512
food,tasty,2582
food,thing,4299
food,think,3394
food,though,2969
food,try,5364
food,wait,4527
food,wonderful,1706
food,worth,2859
get,good,9354
get,happy,1652
get,little,3830
get,location,1936
get,love,3798
get,make,4360
get,minute,2856
get,next,2545
get,order,4273
get,ordered,3282
get,people,3737
get,review,2253
get,sauce,2177
get,see,2537
get,server,1748
get,service,6725
get,star,2618
get,take,3285
get,think,2892
get,try,3598
get,wait,3107
get,want,3247
get,worth,2074
go,happy,1524
go,little,3313
go,location,1645
go,lot,2572
go,minute,2167
go,next,2240
go,ordered,3187
go,people,3089
go,review,2031
go,sauce,1988
go,see,2253
go,star,2110
go,thing,3200
go,think,2564
go,though,2011
go,try,3460
go,wait,2980
go,worth,1671
going,people,1577
going,service,2618
going,thing,1667
good,happy,2191
good,husband,1532
good,little,5660
good,love,4666
good,make,5071
good,minute,2797
good,ordered,5718
good,quality,2249
good,quite,2037
good,review,2992
good,rice,1677
good,roll,1746
good,seemed,1546
good,server,2722
good,star,3232
good,tasty,2492
good,thing,4976
good,though,3223
good,wait,3669
good,worth,2542
happy,one,1645
happy,place,2344
happy,service,1726
happy,time,1990
husband,place,1501
isnt,place,1560
item,place,1812
like,minute,2293
like,ordered,4012
like,people,3820
like,quality,1593
like,sauce,2805
like,server,1950
like,service,6473
like,star,2582
like,tasty,1569
like,thing,4185
like,think,3180
like,though,2489
like,wait,2543
like,worth,1845
little,lot,1709
little,love,1867
little,one,3790
little,order,1976
little,ordered,2203
little,people,1761
little,place,5709
little,really,3380
little,sauce,1578
little,service,3464
little,thing,2032
little,think,1725
little,time,4225
little,try,2141
location,one,2074
location,place,2405
location,service,2086
location,would,1650
lot,service,2399
lot,thing,1656
love,make,2173
love,one,3508
love,people,1613
love,really,2992
love,thing,1771
love,try,2036
love,would,2518
make,one,4257
make,order,2289
make,ordered,1845
make,people,1989
make,place,5675
make,really,3267
make,service,3588
make,take,1916
make,thing,2242
make,think,1730
make,try,2224
make,wait,1619
minute,one,2727
minute,order,2147
minute,ordered,1813
minute,place,2976
minute,really,1671
minute,service,2701
minute,time,3271
minute,wait,2077
minute,would,2480
next,service,2268
one,ordered,4003
one,people,3723
one,place,10313
one,review,2496
one,sauce,2365
one,server,1995
one,star,2746
one,take,3092
one,think,2944
one,tried,2210
one,wait,2746
one,want,2972
one,worth,1847
order,ordered,3504
order,people,1895
order,sauce,1693
order,thing,1974
order,try,2122
order,wait,1911
order,would,3634
ordered,people,1638
ordered,place,5201
ordered,really,3103
ordered,sauce,2167
ordered,server,1664
ordered,service,3955
ordered,take,1530
ordered,thing,1871
ordered,think,1576
ordered,time,4366
ordered,try,2316
ordered,wait,1683
ordered,would,3799
people,place,4903
people,service,2960
people,take,1555
people,thing,1941
people,think,1520
people,time,4009
people,try,1600
people,want,1542
people,would,2996
place,quality,2291
place,quite,1802
place,review,3202
place,rice,1519
place,roll,1658
place,sauce,3378
place,see,3121
place,seemed,1500
place,server,2543
place,star,3512
place,street,1674
place,tasty,2218
place,tell,1502
place,thing,5009
place,think,3927
place,though,3067
place,try,5974
place,wait,3998
place,want,4204
place,wonderful,1613
place,worth,2895
place,would,8666
quality,service,1808
quality,time,1661
quite,time,1516
really,review,1939
really,sauce,2079
really,server,1578
really,star,2028
really,thing,3120
really,think,2522
really,though,1973
really,tried,1640
really,wait,2113
really,want,2428
review,service,2230
review,time,2701
review,would,2219
sauce,service,2208
sauce,time,2444
sauce,would,2054
see,service,1979
server,service,2482
service,star,2729
service,take,2667
service,tasty,1656
service,thing,2958
service,think,2244
service,though,2133
service,tried,1787
service,try,3455
service,wait,2955
service,want,2450
service,worth,1796
service,would,6386
star,time,2701
star,would,2766
take,thing,1542
take,would,2747
tasty,time,1536
thing,think,1661
thing,try,2054
thing,want,1574
think,time,3109
think,would,2811
time,wait,3711
time,worth,2161
tried,would,1750
try,wait,1764
try,want,1630
wait,worth,1522
wait,would,2394
worth,would,1548
awesome,good,2442
good,lunch,3176
good,pork,1649
good,went,4631
area,best,1757
back,everything,2504
best,definitely,2148
best,delicious,2351
best,everything,1703
best,food,6190
delicious,everything,1869
everything,food,3735
dinner,food,3605
dinner,place,2894
dinner,service,2445
dinner,would,1970
food,last,2604
food,town,1585
last,place,2715
last,service,2005
last,would,1892
came,definitely,1982
came,delicious,1876
came,dinner,1505
came,food,5419
came,meal,1822
came,menu,1981
came,next,1524
came,try,2021
came,wait,1603
cant,food,3051
cant,wait,2121
could,definitely,1545
could,delicious,1532
could,see,1650
could,try,1793
definitely,menu,1847
definitely,try,2309
delicious,fresh,2218
delicious,meal,1858
delicious,menu,2319
delicious,wait,1640
everything,menu,1610
excellent,food,3369
food,fresh,4221
food,special,2856
food,tasted,1797
fresh,try,1550
could,give,1793
could,restaurant,2127
could,star,1601
could,two,1860
dinner,get,1833
dinner,restaurant,1980
food,give,3265
food,made,4127
food,two,3797
get,restaurant,3737
get,two,3175
give,restaurant,1540
give,star,2237
give,would,2922
made,restaurant,1969
restaurant,star,1552
restaurant,two,1967
restaurant,would,3858
two,would,2895
back,come,5336
back,excellent,1555
back,feel,1852
back,first,4262
come,definitely,2219
come,first,2198
come,nice,2273
come,place,5598
definitely,first,1919
definitely,like,3148
definitely,time,3932
excellent,place,2491
excellent,time,1806
feel,food,2442
feel,like,3354
feel,place,3072
feel,time,2395
first,food,4790
first,nice,2257
first,place,5217
first,time,6774
food,home,2277
food,nice,6252
food,waiter,1688
going,nice,1686
home,like,1983
home,time,2124
nice,time,4692
back,flavor,1833
back,salad,1914
back,staff,3364
burger,great,1995
flavor,great,2463
friendly,well,2478
great,staff,5863
staff,well,2513
always,staff,2397
everything,great,3315
everything,make,1617
great,huge,1719
great,need,2280
make,staff,2171
nice,staff,3143
another,even,1702
even,took,1739
right,went,1556
5,good,2378
5,like,1909
5,star,2320
cant,good,2956
cant,like,2349
cant,really,2008
found,good,1912
found,like,1582
give,good,3352
give,like,2867
good,local,1617
good,selection,2516
like,selection,1584
like,sweet,1832
love,much,1821
love,never,1679
much,never,1624
actually,good,1969
good,table,4293
great,right,3092
great,table,3267
come,get,4190
day,never,1744
day,nice,2138
disappointed,place,1705
get,nice,4123
never,nice,1719
5,food,2496
5,one,2014
5,place,2552
actually,food,1762
actually,place,1981
almost,food,1619
almost,good,1608
almost,place,1678
always,one,3361
always,restaurant,1755
always,thing,1710
anything,food,1852
anything,good,1808
anything,one,1618
anything,place,2015
area,nice,2011
area,restaurant,1806
area,staff,1596
around,food,3356
around,good,3422
around,nice,1649
around,place,3913
around,restaurant,1611
around,table,1501
could,good,4376
could,nice,2106
could,night,1564
could,place,4785
could,staff,1724
could,table,1739
could,u,2566
enjoyed,food,1954
enjoyed,good,1861
enjoyed,place,1729
find,food,2500
find,good,2636
find,place,3269
food,huge,1859
food,large,1981
food,quick,1581
food,room,1912
food,staff,5762
food,table,5155
food,u,5920
free,good,1570
free,place,1734
good,huge,1895
good,quick,1579
good,room,2150
helpful,staff,1574
huge,place,2066
lot,restaurant,1654
many,place,3326
next,restaurant,1507
nice,night,1977
nice,one,4223
nice,restaurant,2745
nice,room,1833
nice,table,1916
nice,thing,2177
nice,two,1787
nice,u,2546
nice,want,1627
night,place,4066
night,restaurant,1990
night,staff,1603
night,table,1641
night,u,2170
one,restaurant,4571
one,room,2260
one,staff,3524
one,table,3320
one,two,3841
place,restaurant,5749
place,room,2471
place,table,4289
place,three,1517
place,u,5148
restaurant,staff,2258
restaurant,table,2666
restaurant,thing,1961
restaurant,u,2900
room,staff,1764
staff,thing,1677
staff,u,2127
table,two,1665
table,u,2895
thing,two,1672
thing,u,2022
two,u,2176
chicken,food,4991
chicken,salad,1650
chicken,time,2838
definitely,love,1603
definitely,much,1582
first,love,1652
first,wait,1531
food,hot,2578
food,lunch,3523
food,much,4605
food,option,2335
food,salad,3339
food,sandwich,2581
food,soup,1774
food,wasnt,2963
hot,time,1855
long,wait,1866
lunch,time,2382
amazing,great,4131
bit,great,2688
great,though,2305
back,meal,2451
back,menu,3359
food,went,4630
like,meal,2652
meal,ordered,2173
menu,ordered,2553
menu,went,1729
ordered,went,2251
actually,time,1734
also,bar,2151
also,cant,1777
also,ever,1889
also,feel,1621
also,food,6989
also,price,2679
also,taste,1612
also,tried,1825
bad,dont,1560
bar,dont,1641
bar,even,1596
bar,food,4054
bar,good,3852
bar,time,2910
breakfast,food,2125
cant,dont,1547
cant,even,1594
cant,time,2626
cheese,food,3330
chicken,dont,1552
dessert,good,1697
dont,ever,1822
dont,price,2152
egg,food,1682
egg,good,1616
even,price,1957
ever,food,3367
ever,time,2997
feel,good,2514
food,fried,2472
food,meat,2188
food,pizza,1608
food,potato,1714
food,price,5240
food,shrimp,2047
food,taste,2936
good,meat,2220
good,potato,1791
good,price,5382
good,shrimp,2031
good,taste,3039
meat,time,1507
pizza,time,1501
price,time,3542
taste,time,1950
5,great,2118
5,service,1903
5,would,1950
also,amazing,2318
also,another,1741
also,around,2084
also,came,2822
also,could,2696
also,didnt,2757
also,drink,2344
also,experience,2394
also,first,2935
also,give,1956
also,got,3612
also,last,1518
also,made,2578
also,make,3203
also,night,2215
also,one,5719
also,ordered,3094
also,restaurant,3305
also,room,1541
also,small,1940
also,star,1763
also,table,2391
also,take,2219
also,u,2948
also,wasnt,1756
amazing,friendly,1698
amazing,got,1726
amazing,one,2514
amazing,place,4504
amazing,restaurant,1726
amazing,service,3097
amazing,staff,1755
amazing,try,1645
amazing,u,1604
another,came,1607
another,first,1622
another,one,2821
another,ordered,1577
another,service,2340
another,u,1776
another,would,2427
around,got,1910
around,make,1546
around,service,2403
asked,came,1715
asked,could,1680
asked,didnt,1678
asked,got,1703
asked,one,2344
asked,ordered,1542
asked,place,2207
asked,service,2179
asked,u,1878
asked,would,2305
bad,great,1904
bad,one,2219
bad,place,2979
bad,service,2250
bad,would,1861
bar,drink,2630
bar,friendly,1593
bar,menu,1699
bar,night,1839
bar,one,2740
bar,restaurant,1855
bar,service,2735
bar,staff,1540
bar,table,1747
bar,u,1771
bar,would,2249
busy,service,1651
came,didnt,2609
came,drink,1970
came,first,2479
came,friendly,1675
came,got,3031
came,great,3741
came,make,1836
came,night,1800
came,ordered,3310
came,place,4773
came,restaurant,2491
came,service,3964
came,staff,1540
came,table,2297
came,take,1552
came,u,3186
came,wasnt,1586
could,didnt,2285
could,drink,1547
could,first,2217
could,friendly,1560
could,got,2578
could,great,3538
could,ordered,2175
could,service,3445
could,take,1653
could,think,1615
day,didnt,1978
day,first,2109
day,got,2310
day,make,2045
day,ordered,1552
day,restaurant,1617
day,service,3055
decided,one,1503
decided,place,1900
didnt,drink,1719
didnt,made,1874
didnt,make,2122
didnt,menu,1759
didnt,next,1556
didnt,night,1544
didnt,ordered,2589
didnt,restaurant,2054
didnt,service,3524
didnt,staff,1562
didnt,table,1867
didnt,take,1668
didnt,think,1717
didnt,told,1537
didnt,try,2095
didnt,wasnt,1895
didnt,would,3821
drink,first,1696
drink,friendly,1549
drink,got,1984
drink,great,4087
drink,make,1674
drink,menu,1969
drink,night,1910
drink,one,3149
drink,ordered,2054
drink,place,4739
drink,restaurant,1898
drink,service,3393
drink,staff,1557
drink,table,1994
drink,try,1544
drink,u,2238
drink,would,2699
egg,place,1537
experience,friendly,1749
experience,got,2100
experience,make,1989
experience,menu,1551
experience,ordered,1886
experience,place,3974
experience,staff,1896
experience,table,1619
experience,try,1582
feel,great,2353
feel,make,1810
feel,one,2051
feel,service,1771
feel,would,1729
first,friendly,1849
first,got,2858
first,last,1547
first,made,2038
first,menu,1890
first,next,1650
first,night,1673
first,ordered,2488
first,restaurant,2334
first,service,3605
first,staff,1835
first,table,1798
first,take,1661
first,think,1573
first,try,2154
friendly,got,1910
friendly,made,1664
friendly,make,2031
friendly,one,3364
friendly,ordered,1614
friendly,restaurant,2196
friendly,try,1916
friendly,u,2025
friendly,would,2984
gave,place,1528
give,got,1666
give,make,1559
give,place,3787
give,service,2558
give,try,2105
got,made,2194
got,make,2282
got,menu,1988
got,next,1773
got,night,1841
got,one,4677
got,ordered,2848
got,restaurant,2324
got,service,4144
got,staff,1759
got,star,1564
got,table,2145
got,take,1822
got,think,1846
got,told,1564
got,try,2442
got,u,3124
got,wasnt,1906
got,would,4179
great,kind,1642
great,last,2178
great,looking,2282
great,made,3635
great,night,3566
great,ordered,3781
great,restaurant,5034
great,room,2381
great,small,2648
great,star,2507
great,think,2718
guy,place,1689
hotel,room,1888
kind,place,2330
last,night,1816
last,one,2354
left,service,1660
long,one,2268
long,service,2067
long,would,1895
looked,place,1650
looking,one,1919
looking,place,3041
looking,service,1639
made,make,2072
made,menu,1671
made,ordered,1981
made,place,4249
made,service,3023
made,staff,1650
made,table,1562
made,try,1752
made,u,2459
make,night,1507
make,restaurant,2330
make,table,1736
make,u,2277
menu,night,1538
menu,restaurant,3020
menu,service,3708
menu,table,2051
night,ordered,1715
night,would,2675
one,taste,1985
ordered,restaurant,2998
ordered,small,1518
ordered,table,2329
ordered,u,2945
ordered,wasnt,1749
place,small,3557
place,taste,2789
place,thought,1926
place,wasnt,2993
restaurant,small,1699
restaurant,think,1634
restaurant,try,2468
room,service,1798
room,would,2024
service,small,2090
service,staff,3152
service,table,3440
service,taste,1703
service,told,1822
service,u,4495
service,wasnt,2186
staff,try,1642
table,try,1611
table,would,2865
take,u,1798
taste,would,1768
thought,would,1888
told,u,1785
coffee,food,1622
coffee,great,1844
customer,food,2187
customer,service,4081
food,great,14697
better,come,1561
better,food,4262
better,ordered,1652
better,place,4398
better,price,1643
better,way,1506
burger,food,2283
burger,place,2231
come,ordered,2246
come,price,1692
eat,ordered,1728
eat,place,4215
especially,food,1601
especially,place,1614
everything,place,3839
everything,would,2232
food,took,3061
much,ordered,1884
much,price,1811
much,way,1840
ordered,took,1667
ordered,way,1629
place,price,5163
place,took,2737
place,way,4081
price,would,2950
took,would,2348
way,would,2872
good,however,2205
good,top,1952
great,minute,2059
great,overall,2091
great,top,1731
overall,place,2218
place,top,2171
drink,food,5220
drink,get,3230
drink,go,2824
drink,like,3141
drink,nice,1954
enjoy,food,1817
experience,nice,1898
food,new,3552
food,nothing,2302
go,new,2621
go,nice,3706
go,restaurant,3598
like,new,3029
never,staff,1680
new,nice,1731
new,restaurant,1863
new,staff,1684
nice,wait,1584
restaurant,wait,1808
staff,wait,2175
also,better,2122
also,everything,2057
also,know,2264
also,never,2373
also,said,1743
also,side,1977
also,something,1744
also,sure,2071
also,want,2159
anything,like,1793
ask,food,1836
ask,place,1673
asked,food,2378
asked,like,2073
asked,said,1845
better,didnt,1560
better,order,1566
better,u,1595
cheese,order,1573
cheese,ordered,1937
cheese,place,3346
didnt,food,4519
didnt,order,2335
didnt,said,2021
didnt,sure,1571
didnt,want,1832
drink,much,1507
drink,order,2135
everything,like,2572
everything,u,1525
food,know,3607
food,let,1765
food,put,1594
food,side,3228
food,sure,3360
food,taco,1667
food,wanted,2020
know,like,3619
know,make,2104
know,much,1723
know,order,1784
know,ordered,1535
know,place,4264
know,want,1558
know,would,2868
let,like,1640
let,place,1976
like,said,2822
like,side,2477
like,sure,2826
like,wanted,1998
make,never,2047
make,sure,2992
much,order,1847
much,want,1521
never,ordered,1691
never,said,1597
never,would,3203
order,side,1560
order,u,2628
ordered,said,1825
ordered,side,1844
place,put,1839
place,said,3000
place,side,3036
place,something,3212
place,sure,3585
place,thats,2340
place,wanted,2340
said,u,2025
said,would,2938
side,would,2093
sure,u,1608
sure,would,2510
came,price,1560
delicious,even,1863
delicious,got,2186
delicious,great,4926
delicious,time,3677
even,got,3017
even,great,4550
got,price,1905
got,time,5278
put,time,1646
around,best,1669
awesome,back,1707
awesome,one,1547
awesome,place,3130
back,bar,2486
back,cheese,2126
back,coming,2168
back,dinner,2117
back,drink,2958
back,every,1884
back,got,4966
back,know,2903
back,look,1869
back,side,2129
back,took,2725
back,two,2894
back,wasnt,2415
best,drink,1605
best,every,1633
best,got,2176
best,know,1685
best,made,1936
best,meal,1764
best,one,4964
best,pretty,1525
best,sauce,1606
best,thing,2127
burger,fry,1939
cheese,got,1662
coming,place,1902
cool,place,1747
dinner,one,2112
drink,even,2001
drink,pretty,1503
even,know,2361
even,meal,1598
even,two,2020
even,wasnt,1645
every,one,2479
every,place,3224
everyone,place,1897
got,know,2048
got,meal,1678
got,minute,2020
got,pretty,2148
got,sauce,1638
got,side,1620
got,thing,2360
got,took,1939
got,two,2142
got,wanted,1569
know,made,1511
know,thing,1913
look,one,2091
look,place,2780
meal,one,2686
minute,took,1733
one,put,1566
one,side,2354
part,place,1560
place,pretty,4604
place,without,1736
better,good,4165
better,time,3404
better,try,1582
big,good,2472
big,great,1998
came,good,4934
came,server,1570
good,nothing,2218
good,ok,1976
great,large,1642
great,pizza,1831
great,server,2372
large,time,1504
another,back,2535
another,dont,1584
back,chicken,2526
back,decided,1545
back,dish,1809
back,ever,2591
back,ive,3265
back,still,2569
back,sweet,1506
back,table,3056
back,u,4429
bit,nice,1717
bit,restaurant,1504
chicken,get,2430
chicken,go,2301
chicken,got,1833
chicken,great,3272
chicken,ive,1503
chicken,nice,1644
chicken,one,2556
chicken,order,1885
chicken,restaurant,2100
chicken,sauce,1838
chicken,service,2596
chicken,try,1778
chicken,would,2199
decided,good,1730
definitely,dont,1684
definitely,get,3044
definitely,go,3031
definitely,good,4830
definitely,got,2331
definitely,ive,1899
definitely,one,3192
definitely,order,1709
definitely,u,1971
different,great,1888
dinner,go,1805
dinner,good,3144
dinner,u,1642
dish,get,1749
dish,go,1685
dish,good,3004
dish,great,2353
dish,menu,1702
dish,one,2104
dish,restaurant,2170
dish,service,2193
dish,would,1874
dont,got,2667
dont,ive,2720
dont,menu,2108
dont,restaurant,2551
dont,still,1748
dont,table,1898
dont,u,2272
especially,good,1622
ever,one,3194
ever,restaurant,1644
ever,service,2531
ever,would,2331
flavor,get,1862
flavor,go,1630
flavor,one,2059
flavor,service,1836
flavor,would,1817
fried,great,1635
get,meal,2359
get,menu,3003
get,still,2765
get,sweet,1507
get,table,3125
go,table,2606
go,u,3457
go,wanted,1746
going,got,1975
going,ive,1756
good,got,6146
good,still,3368
good,wanted,2155
got,nice,2740
got,order,2709
got,people,2161
got,still,1800
great,meal,2986
great,people,3773
great,quality,1804
great,sauce,2804
great,still,2528
great,sweet,1917
great,wanted,1704
ive,menu,1836
ive,one,4477
ive,order,2005
ive,restaurant,2284
ive,service,3601
ive,think,1638
ive,try,2065
ive,u,1515
ive,would,2763
meal,order,1765
meal,restaurant,2427
meal,service,2995
meal,table,1659
meal,u,1920
menu,nice,2200
menu,order,2510
menu,sauce,1632
nice,order,2061
nice,people,2307
nice,service,4375
nice,still,1505
one,overall,1611
one,still,2846
one,sweet,1587
order,still,1528
order,table,2309
overall,service,1766
overall,would,1623
people,restaurant,1955
people,table,1736
people,u,2216
restaurant,sauce,1840
restaurant,still,1545
service,still,2359
service,wanted,1695
still,u,1645
always,know,1579
away,go,1553
away,great,1736
away,would,1672
best,recommend,1706
best,think,1506
best,want,1550
best,would,3181
dont,know,3409
dont,need,1731
go,know,2976
go,year,1982
great,look,2125
great,want,2882
great,year,2420
know,love,1549
would,year,1785
busy,time,1797
getting,place,1819
ive,time,5376
need,place,2897
need,time,2521
nothing,place,2269
ok,place,1806
2,3,1626
2,great,2148
2,one,2402
one,year,2300
also,dish,1790
also,every,1796
also,favorite,1872
also,friend,2136
also,right,2212
beer,food,3059
beer,go,1609
beer,service,1739
dish,food,3544
dish,time,2076
enjoy,great,1573
every,great,2609
every,love,1507
every,service,2134
favorite,restaurant,1648
fish,food,1529
food,friend,3681
food,friendly,5817
food,half,1584
food,right,3382
friend,go,2475
friend,great,3305
friend,restaurant,1664
friend,service,2491
friend,time,3149
go,right,2545
half,time,1510
love,restaurant,1925
never,service,3490
order,right,1666
restaurant,right,1680
right,service,2577
right,time,3266
good,home,2303
much,staff,1658
price,reasonable,2010
price,staff,1898
beer,place,3119
came,nice,2366
came,people,1834
came,said,1929
food,owner,1687
food,super,2165
food,visit,2394
good,super,2137
great,said,2035
great,visit,2137
owner,place,1912
place,super,2607
place,visit,2537
actually,like,1814
chicken,like,2924
chicken,really,2215
dish,like,2171
dish,really,1690
enough,go,1664
enough,great,2014
enough,like,1999
enough,really,1514
go,wasnt,1950
great,meat,1651
like,meat,1747
like,perfect,1507
meal,really,2061
breakfast,service,1545
busy,food,2023
busy,get,1623
day,food,3671
excellent,service,3228
food,served,2024
friendly,get,3308
get,lunch,1936
great,lunch,2793
lunch,service,2190
always,get,3884
better,get,3173
food,fry,2442
food,youre,2192
fry,time,1555
get,long,2349
get,night,2755
get,spot,1536
get,usually,1560
get,youre,1925
night,time,3321
place,spot,2341
place,usually,1685
amazing,good,3240
away,good,1993
away,like,1749
away,one,1915
away,place,2287
awesome,great,3064
awesome,like,1663
cooked,place,1580
definitely,ordered,2073
definitely,price,1688
definitely,went,1775
dinner,ordered,1611
dish,ordered,1703
dish,place,2814
enough,one,2065
enough,place,2585
enough,would,1705
good,high,1511
good,know,3886
good,look,2513
good,looked,1753
good,outside,1868
good,portion,2168
good,recommend,3133
good,side,3350
good,small,3344
good,special,2771
good,tasted,1766
good,youre,2287
great,local,1774
great,outside,1619
great,portion,1657
great,pretty,3212
great,review,2295
great,shrimp,1567
great,side,2477
great,special,2414
great,wait,3129
great,work,2292
high,place,1618
hour,place,2858
however,like,1695
however,one,1727
however,would,1674
know,try,1566
know,went,1687
least,place,1532
like,looked,1785
like,overall,1664
like,price,3391
like,small,2497
like,special,1917
like,tasted,1928
like,visit,1781
like,youre,1991
local,place,1930
meat,place,2073
minute,went,1574
much,went,1799
one,recommend,2214
one,special,1889
one,visit,1920
one,went,3815
one,work,2169
one,youre,1772
ordered,pretty,1805
ordered,salad,1690
outside,place,2062
place,portion,1872
place,shrimp,1727
place,special,2756
place,tasted,1568
place,trying,1533
place,work,2604
pretty,price,1602
price,try,1577
price,went,1557
special,would,1563
try,went,1844
visit,would,1522
wait,went,1555
10,food,1738
10,place,1725
10,time,1601
also,definitely,2853
also,find,1693
also,hour,1627
also,ive,2993
also,review,1613
also,say,2133
also,though,1793
also,way,2291
better,dont,1951
better,go,2659
better,ive,1846
better,really,2326
definitely,made,1665
definitely,really,2986
dont,made,1845
dont,say,2100
dont,way,2150
enjoy,place,1891
everyone,great,1675
family,food,2017
family,great,1824
family,time,1523
find,go,1908
find,like,2375
find,time,2487
food,getting,1513
food,ive,4976
food,local,1681
food,say,3702
food,work,1904
get,say,3041
getting,like,1507
go,hour,2042
go,made,2694
go,price,3002
go,say,2728
go,way,3160
great,say,2839
ive,love,2169
ive,made,1592
ive,price,1749
ive,say,1736
like,made,3397
like,say,3182
live,place,1551
love,price,1597
made,really,2615
made,way,1539
place,say,4003
place,whole,1513
really,say,2298
say,time,3455
time,work,2522
also,people,2457
id,like,1653
id,place,1927
like,spot,1610
even,night,1816
even,something,1560
also,back,4733
also,come,2967
awesome,get,1725
awesome,really,1550
awesome,time,1971
back,hot,1510
back,super,1546
back,sure,2768
come,friendly,1870
come,pretty,1730
come,sure,1512
friendly,like,3479
friendly,really,3000
friendly,super,1795
get,hot,1726
get,super,1574
get,sure,2812
good,guy,1514
good,hot,2521
good,sure,3419
guy,time,1513
hot,one,1746
nice,ordered,2251
nice,really,4410
nice,sure,1602
one,sure,2779
really,super,1515
really,sure,2199
super,time,1823
sure,time,3261
ive,ordered,1768
delicious,friendly,2554
delicious,like,3097
delicious,little,2070
delicious,staff,1935
food,found,1774
fresh,like,2446
fresh,would,1835
friendly,little,2057
home,would,1594
little,staff,1891
area,friendly,1609
found,place,2388
good,week,1630
love,staff,2211
place,week,1834
food,highly,1649
recommend,service,2895
definitely,didnt,1696
didnt,time,4474
great,helpful,1533
great,wonderful,1829
10,good,1576
also,area,2144
also,im,3033
also,little,3183
also,many,1800
also,wait,1980
also,year,1523
amazing,food,4611
amazing,get,2518
amazing,go,2515
amazing,love,1818
amazing,really,2092
amazing,time,2983
area,im,1526
around,dont,1802
around,go,2489
around,im,1608
around,like,2926
around,little,1502
around,people,1660
bar,beer,1783
bar,really,2167
beer,get,1709
dont,experience,1926
dont,first,2358
dont,im,3011
dont,many,1511
dont,staff,2002
experience,little,1591
experience,people,1574
first,go,3458
first,good,4794
first,people,1877
food,look,2178
food,probably,2017
food,week,1521
food,year,2350
fun,place,1881
get,im,4303
get,kind,1605
get,many,2244
get,side,2209
get,week,1609
get,year,2206
go,many,1989
go,side,1954
good,year,2509
great,week,1606
great,worth,2241
hour,service,2270
im,love,2173
im,people,2006
im,staff,1841
im,think,1844
im,time,4973
im,way,1915
kind,like,1917
kind,time,1684
like,probably,1749
little,side,1588
little,way,1743
look,service,1682
look,time,2224
many,service,2085
music,place,1512
people,staff,1570
people,way,1618
pizza,place,2184
place,year,2834
really,side,1874
service,side,2078
service,way,2744
service,year,1895
side,time,2411
staff,time,4324
time,week,1886
time,year,2868
2,back,2127
2,get,2421
2,go,1972
2,place,2856
2,would,2194
back,didnt,3999
back,eat,2151
back,give,2431
came,go,2886
came,minute,1923
came,order,2470
came,still,1582
came,took,1784
came,two,1907
came,went,2161
could,order,2054
could,people,1888
could,said,1862
could,took,1508
could,went,2171
didnt,minute,1687
didnt,nice,2257
didnt,people,1841
didnt,still,1581
didnt,two,1807
didnt,went,2438
eat,get,2511
food,inside,1738
food,told,1902
get,line,1566
get,said,2720
give,go,2337
give,order,1549
go,took,1988
go,two,2559
inside,place,1938
line,place,1620
minute,restaurant,1540
nice,went,2255
order,took,1798
order,two,1948
people,two,1789
people,went,1828
place,still,3507
restaurant,went,2042
said,went,1742
still,went,1511
two,went,1728
always,delicious,1735
always,price,1655
check,food,2061
check,place,2204
check,service,1678
check,time,1940
clean,food,1998
clean,friendly,1831
clean,service,1721
clean,time,1805
delicious,ive,1890
delicious,love,2124
delicious,place,5500
food,selection,2138
friendly,ive,1943
friendly,price,2113
ive,staff,1907
place,selection,2476
price,service,3795
selection,time,1565
know,little,1699
best,restaurant,2747
best,say,1796
good,say,3755
really,restaurant,3261
restaurant,say,1769
flavor,food,2900
flavor,like,2393
flavor,time,1990
give,time,3055
like,two,3125
menu,pretty,1636
sure,try,1501
time,two,3588
try,two,1513
try,way,1580
disappointed,time,1521
enough,time,2188
second,time,1829
amazing,best,2347
amazing,well,1769
best,could,1870
best,didnt,1548
best,friend,1504
best,get,4099
best,night,1518
best,way,1692
best,well,2538
coffee,good,2062
could,dont,2323
could,know,1834
could,way,1831
could,well,2326
couple,time,1680
cream,ice,1863
definitely,well,2343
didnt,dont,2452
didnt,good,4759
didnt,pretty,1760
didnt,well,2316
dont,friend,1528
dont,night,1632
dont,well,2640
found,one,1804
found,time,1787
friend,get,2502
friend,good,3563
friend,got,1802
friend,one,2757
friend,well,1681
get,well,4324
good,thought,2012
got,way,2053
got,well,2737
know,time,3738
know,well,2058
thought,time,1708
way,well,1945
cant,great,2648
delicious,table,1638
delicious,u,1972
even,much,2309
even,say,2023
even,table,2058
even,u,3090
experience,much,1706
experience,say,1511
much,say,1672
much,table,1522
say,u,1742
server,table,1675
server,u,2080
awesome,food,2794
cold,food,1538
come,drink,1852
drink,good,4424
drink,well,1954
food,looked,1506
fresh,nice,1614
fresh,restaurant,1725
fresh,well,1706
nice,well,2981
place,plate,1687
place,well,6330
restaurant,well,2714
5,get,2077
5,go,1662
5,time,2332
always,well,2035
away,food,2086
away,get,1855
away,time,1998
better,restaurant,1858
better,well,1736
day,definitely,1501
day,go,3020
day,new,1622
every,get,2523
every,really,1701
food,open,1533
food,portion,2573
food,seated,1644
fresh,get,2203
fresh,go,2036
fresh,great,3271
fresh,really,1936
fresh,time,2494
friendly,much,1587
friendly,new,1560
get,right,3043
get,taste,1823
get,visit,1650
give,well,1614
go,taste,1628
go,visit,1533
great,two,2994
much,restaurant,2140
much,right,1505
much,two,1625
new,time,3413
new,well,1947
pretty,u,1597
really,taste,1669
really,two,2312
restaurant,server,1707
right,u,1870
right,well,1868
time,visit,2502
two,well,1993
want,well,1722
ask,good,1626
chicken,ordered,2374
good,looking,2498
asked,even,1576
asked,get,2099
asked,good,2149
atmosphere,good,2879
cant,get,2646
cant,one,2430
drink,really,2386
even,menu,2107
even,restaurant,2514
good,told,1837
one,say,3281
ordered,say,1653
really,table,2394
im,price,1786
im,u,1942
food,outside,1888
2,really,1663
get,room,1982
need,one,2302
really,room,1538
room,time,2185
day,went,2099
experience,went,1921
made,went,1789
make,went,1923
dinner,time,2369
great,selection,2763
great,tasty,1980
much,service,3092
place,soup,1531
time,top,1731
come,go,3205
come,love,2067
place,stop,1750
back,beer,1690
back,many,1947
back,much,3125
back,new,2808
back,since,2381
back,taste,1618
back,year,1973
bar,nice,2002
bar,well,1811
bit,well,1666
delicious,drink,1534
delicious,get,2908
delicious,good,4791
delicious,thing,1523
delicious,well,2399
else,food,1724
else,get,1534
else,good,1732
even,everything,1689
even,new,1950
even,since,1625
even,well,2751
everything,get,2429
everything,good,3419
everything,service,2558
everything,well,1795
far,food,1559
far,good,1512
feel,get,2107
food,full,2078
food,since,2765
full,good,1951
full,service,1565
get,since,2490
good,new,3515
good,since,2879
good,spot,2303
know,nice,1704
know,service,2741
much,thing,1901
new,service,2797
new,thing,1558
nice,take,1592
service,since,2129
service,spot,1608
take,well,1871
thing,well,2376
2,service,2083
go,lunch,1832
attentive,food,1647
best,chicken,1814
best,much,1820
best,u,2030
food,must,1589
friendly,im,1912
hot,place,2456
im,restaurant,2214
im,sure,2729
im,table,1561
im,wasnt,1511
must,place,1660
one,week,1543
place,waitress,1702
restaurant,sure,1534
around,well,1735
could,like,3796
fantastic,great,1892
first,two,1982
first,well,2506
good,line,1525
got,hour,1601
got,see,1503
got,wait,1924
people,well,2116
wait,well,1772
well,worth,1781
better,got,1923
better,thing,1540
coffee,place,2172
free,get,1557
free,great,1581
friendly,recommend,1686
friendly,thing,1627
got,new,1817
got,review,1505
great,thing,3762
new,place,4233
could,im,2112
could,never,1919
service,took,2394
didnt,even,3056
eat,even,1608
eat,got,1595
eat,service,2428
even,never,2611
food,got,5598
got,never,2195
also,still,1942
asked,back,2339
away,back,1696
away,service,1635
awesome,service,2015
back,room,1852
big,like,1969
big,one,1852
come,could,2027
come,didnt,2190
come,even,2608
come,got,2504
come,know,1906
come,service,3914
come,still,1574
come,went,1820
even,friendly,2056
even,still,2009
friendly,went,1546
got,went,2975
like,night,2785
like,room,2012
like,still,2853
night,went,1948
one,top,1719
service,went,3638
u,went,2723
dont,every,1573
every,good,2641
excellent,good,2553
get,something,2491
getting,good,1694
ive,know,1739
know,people,1941
anything,get,1651
anything,time,1741
back,enough,1717
back,something,2171
came,im,1978
came,never,1871
came,really,2934
enough,get,2052
first,review,1526
first,still,1567
im,ordered,2111
im,review,1624
im,something,1526
im,still,1792
really,still,2086
friend,im,1577
friend,nice,1669
friend,place,4034
friend,try,1526
friend,went,1669
got,im,2652
im,nice,2362
im,try,2340
loved,place,2015
time,went,4552
also,new,2262
love,new,1568
also,delicious,3231
also,dinner,1643
also,since,1899
back,cant,2566
back,fresh,2168
cant,place,3422
come,delicious,1949
come,im,2407
come,make,2406
come,wait,1851
delicious,im,1817
delicious,make,1870
delicious,ordered,2507
delicious,sauce,1802
flavor,ordered,1656
flavor,place,2932
food,perfect,2123
food,pork,1608
food,spicy,1657
fresh,ordered,1514
great,since,2327
great,sure,2914
im,since,1521
like,since,2453
place,since,3177
place,sweet,2305
u,wait,1907
always,im,2055
best,fresh,1749
lunch,place,3169
perfect,time,1746
time,took,3192
best,came,1699
came,friend,1720
came,like,3772
definitely,even,1935
even,friend,1711
friend,like,2739
back,recommend,1916
came,little,2024
came,much,1855
could,little,2099
could,much,1969
got,little,2539
got,lot,1750
got,since,1595
little,went,1884
one,since,2513
since,would,2217
eating,food,1885
fry,good,2582
go,since,2106
nothing,service,1659
amazing,back,2791
cant,service,2079
ive,two,1612
service,two,2817
always,back,2291
always,try,1647
back,right,2746
best,first,1935
best,try,2423
best,wait,1587
didnt,right,1662
didnt,wait,1531
even,first,2655
even,said,1896
first,right,1663
first,said,1639
one,right,3009
one,spot,1669
place,right,3915
came,come,2547
came,know,1602
come,said,1547
get,home,1806
home,service,1591
said,time,3019
since,time,3000
say,service,2599
say,thing,1937
say,would,3061
also,see,1826
also,thing,2792
asked,go,1780
back,last,2126
back,work,1805
cant,go,2951
cant,would,1712
come,dont,2730
come,little,2116
come,made,1775
come,right,1644
come,thing,2047
come,two,1710
coming,good,1658
coming,great,1567
dont,give,1906
dont,right,1877
dont,two,1951
enough,service,1708
everyone,good,1613
get,last,2129
give,im,1592
go,last,1887
go,room,1548
go,small,1995
good,last,2640
good,left,1839
good,let,1793
good,made,4064
good,thats,2223
great,thats,1582
im,know,2118
im,made,1748
im,right,1697
im,thing,2287
im,two,1790
im,want,1691
know,restaurant,1655
little,made,1840
little,restaurant,2285
little,right,1634
little,small,1570
little,two,1585
little,u,2094
made,right,1502
one,thats,1813
ordered,right,1657
ordered,two,2106
right,thing,1546
right,would,2562
service,work,1927
didnt,im,2415
ever,im,1589
ever,never,1676
im,ive,3106
ive,never,2725
never,people,1760
back,clean,1509
back,lunch,1885
another,really,1754
coming,food,1811
could,going,1561
could,really,2894
food,need,2388
good,inside,1796
good,need,2611
need,service,2097
service,visit,1857
cheese,go,1953
dont,drink,1911
dont,never,2320
drink,little,1635
drink,time,3511
enough,food,2460
first,minute,1554
first,order,2226
first,thing,2223
got,love,1642
got,right,2064
got,want,1619
little,menu,2060
little,never,1520
make,right,1814
menu,thing,2014
never,thing,1773
place,sit,1532
place,walk,1554
got,say,1901
recommend,restaurant,1572
recommend,staff,1643
food,small,3214
like,took,2223
really,small,2003
also,eat,1851
also,took,1605
eat,great,2849
find,service,1836
find,would,1898
fresh,service,2532
friend,u,1939
friend,would,2534
go,sure,2487
new,would,2610
service,something,1927
service,sure,2431
best,come,2158
best,day,1810
best,menu,2038
come,every,1576
id,time,1580
coming,time,1669
fresh,one,2325
got,said,2070
always,come,2019
fresh,love,1521
2,also,1633
absolutely,food,1592
absolutely,place,1578
always,never,2208
best,experience,1978
best,make,2528
ever,make,1550
experience,ive,1879
experience,two,1508
ive,thing,2104
least,time,1552
make,two,1697
never,two,1508
table,time,3576
thing,way,1698
nice,though,1547
atmosphere,like,1632
atmosphere,place,2999
back,better,2590
back,friend,2675
back,price,2883
back,say,2799
came,say,1596
drink,friend,1516
drink,people,1560
food,old,1546
food,overall,2356
friendly,people,1632
like,old,1597
much,people,1751
old,place,1927
people,say,1536
say,try,1523
also,lunch,1607
disappointed,good,1555
big,get,1847
big,really,1537
good,took,2676
like,table,3214
really,wanted,1706
table,wait,1847
delicious,go,2883
delicious,salad,1573
friendly,wait,1535
go,special,1628
place,sandwich,2600
service,special,1960
special,time,1997
atmosphere,great,3452
come,say,1715
little,say,1500
never,say,1627
order,say,1668
busy,good,1873
day,little,1747
day,price,1516
day,way,1664
definitely,little,2069
get,special,1804
little,pretty,1994
little,price,1962
really,special,1577
back,find,1930
definitely,staff,1930
best,nice,2218
best,staff,2258
cheese,service,1985
love,nice,2102
food,ok,2112
city,place,1613
day,going,1529
day,im,1963
else,one,1573
even,im,2670
far,place,1795
im,star,1661
im,say,1912
5,back,1733
always,little,1663
asked,time,2450
back,need,1886
best,eat,1565
best,little,1990
cheese,get,2138
chicken,delicious,2050
chicken,little,1541
could,ive,1701
could,say,1728
definitely,im,2062
definitely,make,1760
delicious,made,1763
delicious,one,3248
delicious,really,2679
didnt,little,2040
didnt,say,1756
dont,eat,1913
dont,sure,1736
eat,im,1536
eat,one,2636
eat,really,1974
even,sure,1780
flavor,really,1818
food,high,1574
food,however,2255
fry,like,1603
get,however,1640
get,salad,1781
ive,little,1974
made,much,1709
made,sure,1572
make,say,1758
overall,time,1722
several,time,1832
dont,everything,1514
dont,since,1564
everything,go,2288
like,told,1801
open,place,1844
say,went,1569
disappointed,food,1817
delicious,first,1831
fantastic,food,1792
first,friend,1574
friend,ordered,1736
little,well,2529
ordered,well,2620
price,restaurant,2035
price,well,2200
restaurant,salad,1598
restaurant,side,1618
side,well,1615
also,minute,1521
business,place,1567
close,place,1560
couple,food,1540
couple,place,1678
dinner,night,1541
dinner,really,1713
food,left,1938
get,sandwich,1578
got,really,3753
option,place,2262
also,well,3665
back,way,2895
big,place,2460
decided,time,1691
dont,went,2128
eat,well,1552
first,sure,1564
first,went,2578
got,sure,1742
made,well,2277
make,well,2621
place,wine,1593
sure,well,1757
way,went,1707
well,went,2317
good,hard,1717
back,bad,1910
bad,really,1821
best,new,1879
came,dont,2083
come,new,1629
day,dont,2157
day,know,1659
even,give,1764
home,one,1882
back,check,1624
back,sandwich,1502
check,get,1760
check,good,1881
check,would,1520
everything,ive,1508
everything,time,2847
im,next,1686
ive,since,1622
ive,went,1530
know,say,1569
time,without,1574
atmosphere,time,1767
everything,restaurant,1679
day,ive,1676
day,order,1588
delicious,order,2033
food,ill,1663
ill,like,1511
minute,table,1662
minute,u,2124
never,try,1629
came,chicken,1570
excellent,one,1512
definitely,thing,1604
made,nice,1937
make,price,1824
best,price,1962
check,great,1669
could,new,1584
could,price,1654
go,home,1723
hard,time,1554
really,recommend,1930
really,since,1930
order,staff,1676
come,staff,1860
2,got,1653
better,could,1860
better,one,3119
better,went,1522
bread,place,1837
didnt,thing,2023
made,people,1519
menu,price,1653
price,thing,1571
table,went,1669
thing,went,1780
also,recommend,2087
bread,food,2076
bread,good,2209
decided,food,1676
fantastic,place,1672
first,say,1815
get,wasnt,2191
order,price,1539
new,went,1517
back,loved,1552
enjoyed,time,1508
ive,well,2293
table,well,2048
good,loved,1734
could,right,1605
appetizer,place,1546
back,found,1570
found,great,1716
made,new,1505
menu,new,1529
atmosphere,nice,1611
back,ill,2228
feel,go,1805
food,hard,1571
ill,time,1847
made,order,2017
nice,right,1764
2,even,1523
2,u,1580
around,come,1620
back,thought,1534
come,friend,1624
come,meal,1565
come,minute,1525
come,people,1984
come,think,1558
day,people,1730
dont,said,1874
friend,really,2187
good,used,1519
good,without,1639
ill,place,1889
im,lot,1690
last,like,2132
last,really,1610
last,time,3376
like,lunch,1913
like,thought,1649
little,nice,2826
little,night,1569
lot,pretty,1523
lunch,one,1907
lunch,really,1578
lunch,would,1689
made,never,1509
nice,side,1522
nice,small,1653
place,used,1674
time,used,1507
little,still,1550
little,table,1767
clean,good,2142
chicken,come,1524
fried,like,1589
hard,place,1723
came,well,2501
recommend,well,1537
chicken,well,1791
love,u,1568
love,well,2159
never,well,1993
small,well,1584
customer,good,2099
good,put,1618
good,part,1509
bad,get,2140
first,ive,2019
good,half,1614
looking,time,2037
almost,time,1501
around,went,1528
day,love,1568
great,spot,2570
meal,well,1776
food,looking,2271
ive,new,1576
came,right,1695
delicious,went,1670
everything,one,2549
ask,time,1672
good,old,1680
food,thought,1747
best,better,1768
im,menu,1942
better,service,3074
back,visit,1725
bad,go,1883
friend,make,1512
ask,get,1575
awesome,go,1592
came,ive,1543
first,visit,1577
everything,really,2147
better,even,2386
better,nice,1696
come,ive,2129
ive,pretty,1731
ask,service,1571
make,new,1769
make,pretty,1687
came,sauce,1532
back,wont,1524
back,special,1694
customer,like,1925
else,like,1560
going,well,1807
like,right,2940
think,well,1713
fresh,order,1549
im,new,1854
still,well,1659
also,special,1609
definitely,experience,1629
come,table,1875
thats,time,1811
ever,first,1541
last,went,1535
perfect,service,1563
came,way,1667
place,wont,1535
drink,went,1607
bread,great,1608
service,super,1530
clean,one,1623
drink,im,1606
best,ordered,1887
check,one,1753
nice,price,2296
food,without,1667
eating,place,1577
first,pretty,1544
everything,got,1652
feel,really,1811
back,looking,1738
dessert,place,1529
ever,well,1577
got,something,1518
full,like,1573
sauce,well,1698
first,since,1615
say,well,1938
nice,say,1625
