support,itemsets
0.349,great
0.163,staff
0.162,friendly
0.097,recommend
0.071,minute
0.067,lunch
0.058,super
0.046,highly
0.043,family
0.04,owner
0.038,10
0.027,pick
0.025,run
0.369,place
0.359,food
0.209,like
0.119,u
0.093,day
0.084,eat
0.081,night
0.068,star
0.066,atmosphere
0.042,4
0.035,bring
0.032,music
0.03,style
0.026,live
0.025,seat
0.273,time
0.212,back
0.155,also
0.141,love
0.133,got
0.128,make
0.118,definitely
0.114,im
0.099,ordered
0.094,know
0.082,bar
0.075,friend
0.061,feel
0.06,room
0.058,next
0.051,however
0.051,enough
0.048,big
0.047,hot
0.046,spot
0.043,check
0.039,ill
0.038,ok
0.032,close
0.03,fan
0.028,warm
0.023,bacon
0.358,good
0.2,go
0.125,try
0.067,special
0.061,awesome
0.027,cheap
0.106,never
0.093,amazing
0.087,menu
0.083,see
0.058,dinner
0.032,absolutely
0.032,course
0.182,really
0.145,well
0.097,made
0.096,pretty
0.064,hour
0.063,wasnt
0.061,bad
0.058,happy
0.052,5
0.051,2
0.038,high
0.036,front
0.031,reason
0.03,1
0.029,walked
0.029,rice
0.025,extremely
0.025,real
0.024,red
0.022,bean
0.219,get
0.128,little
0.108,experience
0.076,find
0.062,review
0.059,took
0.044,hard
0.037,coming
0.037,door
0.036,keep
0.032,water
0.026,spicy
0.025,isnt
0.021,watch
0.105,much
0.044,sweet
0.043,free
0.042,helpful
0.032,hotel
0.025,stay
0.101,drink
0.036,actually
0.1,people
0.068,sauce
0.068,many
0.063,worth
0.046,getting
0.027,yes
0.025,expensive
0.025,waited
0.021,ordering
0.124,come
0.089,table
0.085,fresh
0.084,right
0.076,take
0.076,everything
0.056,small
0.056,found
0.055,pizza
0.052,home
0.048,perfect
0.042,enjoyed
0.04,husband
0.038,town
0.037,old
0.035,fantastic
0.035,outside
0.032,finally
0.031,usually
0.028,steak
0.025,12
0.024,amount
0.28,service
0.111,order
0.07,long
0.045,youre
0.041,wine
0.033,care
0.021,professional
0.125,delicious
0.113,always
0.105,thing
0.086,still
0.086,say
0.076,cant
0.065,meal
0.06,visit
0.055,option
0.048,loved
0.043,quick
0.031,french
0.025,tea
0.025,nashville
0.024,soon
0.148,nice
0.081,chicken
0.054,favorite
0.039,thats
0.024,mexican
0.023,making
0.142,best
0.075,need
0.075,ever
0.071,year
0.034,wonderful
0.021,seen
0.079,work
0.048,last
0.047,week
0.207,would
0.133,even
0.063,give
0.02,saying
0.113,ive
0.085,wait
0.077,sure
0.07,customer
0.043,business
0.039,busy
0.022,short
0.059,excellent
0.025,cooked
0.021,perfectly
0.118,could
0.073,side
0.062,cheese
0.042,ask
0.041,large
0.037,plate
0.037,disappointed
0.035,less
0.028,yet
0.026,may
0.022,wall
0.022,girl
0.02,group
0.077,around
0.039,fast
0.035,waiting
0.023,although
0.111,didnt
0.069,beer
0.066,said
0.06,looking
0.035,local
0.031,least
0.031,use
0.03,point
0.025,anyone
0.02,serve
0.02,twice
0.136,restaurant
0.081,two
0.058,salad
0.046,burger
0.035,thought
0.021,lady
0.02,others
0.085,lot
0.075,think
0.055,look
0.033,choice
0.113,went
0.035,meat
0.026,felt
0.021,brunch
0.081,going
0.079,area
0.07,another
0.063,every
0.039,top
0.038,guy
0.024,slow
0.035,city
0.024,mean
0.02,white
0.096,new
0.039,today
0.025,ate
0.224,one
0.116,first
0.09,way
0.058,though
0.057,taste
0.049,tasty
0.049,server
0.043,full
0.042,fried
0.042,fry
0.041,seating
0.04,probably
0.038,used
0.037,half
0.034,served
0.033,fish
0.033,shrimp
0.033,start
0.028,house
0.027,level
0.024,fine
0.021,wife
0.021,offered
0.024,taco
0.038,able
0.094,better
0.066,clean
0.051,location
0.049,overall
0.044,maybe
0.041,3
0.04,open
0.034,whole
0.032,problem
0.031,help
0.031,sat
0.024,type
0.02,rude
0.044,street
0.04,call
0.04,line
0.034,hand
0.033,tell
0.031,leave
0.027,ready
0.055,selection
0.052,told
0.048,sandwich
0.041,decided
0.038,left
0.035,appetizer
0.031,without
0.029,potato
0.027,dining
0.026,deal
0.022,waiter
0.02,45
0.02,onion
0.054,coffee
0.045,shop
0.048,nothing
0.022,knew
0.02,late
0.072,want
0.067,something
0.056,kind
0.046,quite
0.038,egg
0.032,stuff
0.029,arrived
0.024,seated
0.02,already
0.108,price
0.107,came
0.071,flavor
0.062,dish
0.058,tried
0.043,enjoy
0.041,item
0.031,several
0.029,glad
0.026,unique
0.024,crab
0.024,comfortable
0.02,8
0.02,truly
0.02,available
0.044,bread
0.034,put
0.036,waitress
0.029,ended
0.023,reservation
0.022,weekend
0.022,received
0.021,party
0.02,behind
0.037,huge
0.022,treat
0.021,job
0.037,cool
0.121,dont
0.039,must
0.039,let
0.027,there
0.022,list
0.026,15
0.08,since
0.047,gave
0.044,wanted
0.036,part
0.045,away
0.044,store
0.021,buy
0.02,anywhere
0.081,bit
0.021,talk
0.042,eating
0.032,tasted
0.028,couldnt
0.027,later
0.027,dessert
0.026,cut
0.025,theyre
0.025,name
0.023,honestly
0.021,kept
0.02,working
0.02,plus
0.06,different
0.035,id
0.033,almost
0.03,wish
0.03,doesnt
0.023,decent
0.048,breakfast
0.032,parking
0.025,issue
0.022,entree
0.021,yummy
0.032,looked
0.03,pay
0.024,manager
0.023,topping
0.043,quality
0.036,seemed
0.03,trip
0.027,trying
0.024,entire
0.022,ingredient
0.021,stayed
0.035,kid
0.034,sit
0.029,three
0.027,regular
0.027,someone
0.051,asked
0.03,dry
0.03,brought
0.029,end
0.034,money
0.033,anything
0.022,rest
0.023,prepared
0.031,either
0.024,beef
0.02,chinese
0.043,portion
0.032,stop
0.038,everyone
0.033,called
0.021,wouldnt
0.03,pork
0.029,soup
0.028,liked
0.026,roll
0.022,ago
0.027,orleans
0.026,saturday
0.025,reasonable
0.024,walk
0.033,offer
0.028,beautiful
0.027,especially
0.033,fun
0.031,size
0.02,min
0.022,early
0.027,20
0.024,counter
0.032,person
0.022,saw
0.028,morning
0.027,needed
0.033,done
0.02,cold
0.03,cream
0.024,return
0.024,ice
0.023,thank
0.025,expect
0.022,car
0.024,wont
0.021,6
0.032,variety
0.028,attentive
0.05,inside
0.028,oh
0.021,tomato
0.044,else
0.025,bite
0.024,past
0.026,started
0.025,far
0.025,decor
0.02,etc
0.032,couple
0.027,second
0.021,extra
0.022,guess
0.02,sushi
0.149,"great, place"
0.138,"food, great"
0.123,"good, great"
0.071,"food, great, place"
0.062,"food, good, great"
0.059,"good, great, place"
0.033,"food, good, great, place"
0.057,"great, staff"
0.062,"place, staff"
0.053,"good, staff"
0.03,"go, staff"
0.061,"food, staff"
0.034,"service, staff"
0.03,"back, staff"
0.044,"staff, time"
0.035,"one, staff"
0.034,"staff, would"
0.041,"get, staff"
0.03,"really, staff"
0.028,"like, staff"
0.026,"food, great, staff"
0.024,"great, place, staff"
0.022,"good, place, staff"
0.026,"food, good, staff"
0.024,"food, place, staff"
0.02,"get, staff, time"
0.08,"friendly, staff"
0.057,"friendly, great"
0.065,"food, friendly"
0.039,"friendly, like"
0.038,"friendly, time"
0.034,"back, friendly"
0.059,"friendly, place"
0.036,"friendly, really"
0.05,"friendly, service"
0.043,"friendly, get"
0.061,"friendly, good"
0.039,"friendly, one"
0.038,"friendly, would"
0.031,"friendly, go"
0.027,"friendly, great, staff"
0.02,"food, friendly, great"
0.02,"friendly, good, great"
0.028,"food, friendly, staff"
0.021,"friendly, good, like"
0.021,"friendly, get, time"
0.031,"friendly, place, staff"
0.021,"food, friendly, place"
0.02,"friendly, good, place"
0.02,"food, friendly, really"
0.029,"food, friendly, service"
0.022,"friendly, get, staff"
0.032,"food, friendly, good"
0.03,"friendly, good, staff"
0.02,"friendly, good, one"
0.021,"food, friendly, would"
0.046,"great, recommend"
0.023,"friendly, recommend"
0.039,"place, recommend"
0.028,"food, recommend"
0.023,"recommend, service"
0.02,"really, recommend"
0.048,"recommend, would"
0.026,"also, recommend"
0.026,"one, recommend"
0.021,"back, recommend"
0.02,"come, recommend"
0.024,"get, recommend"
0.027,"recommend, time"
0.023,"like, recommend"
0.024,"definitely, recommend"
0.033,"good, recommend"
0.021,"great, recommend, would"
0.023,"place, recommend, would"
0.022,"great, minute"
0.031,"get, minute"
0.031,"food, minute"
0.03,"minute, place"
0.026,"minute, u"
0.031,"minute, time"
0.03,"minute, would"
0.03,"minute, service"
0.029,"minute, one"
0.028,"good, minute"
0.02,"minute, wait"
0.021,"back, minute"
0.021,"minute, order"
0.025,"great, lunch"
0.033,"food, lunch"
0.03,"lunch, place"
0.02,"back, lunch"
0.032,"good, lunch"
0.022,"get, lunch"
0.028,"lunch, time"
0.026,"friendly, super"
0.022,"great, super"
0.027,"place, super"
0.022,"food, super"
0.02,"back, super"
0.036,"highly, recommend"
0.021,"great, highly"
0.02,"family, great"
0.021,"family, place"
0.022,"owner, place"
0.02,"10, get"
0.159,"food, place"
0.109,"like, place"
0.088,"food, like"
0.079,"like, time"
0.063,"back, like"
0.11,"good, like"
0.076,"great, like"
0.08,"get, like"
0.064,"like, service"
0.067,"like, one"
0.059,"good, like, place"
0.05,"food, like, place"
0.055,"food, good, like"
0.03,"food, good, like, place"
0.032,"food, like, time"
0.049,"like, place, time"
0.044,"good, like, time"
0.039,"get, like, time"
0.021,"food, good, like, time"
0.021,"food, like, place, time"
0.03,"good, like, place, time"
0.024,"get, good, like, time"
0.024,"get, like, place, time"
0.027,"back, like, time"
0.022,"back, food, like"
0.036,"back, good, like"
0.032,"back, like, place"
0.028,"back, great, like"
0.028,"back, get, like"
0.027,"back, like, one"
0.025,"back, like, service"
0.042,"great, like, place"
0.041,"food, great, like"
0.039,"good, great, like"
0.039,"get, great, like"
0.035,"great, like, time"
0.026,"food, great, like, place"
0.022,"food, good, great, like"
0.021,"good, great, like, place"
0.027,"food, get, great, like"
0.023,"get, great, like, place"
0.021,"great, like, place, time"
0.039,"food, get, like"
0.046,"get, like, place"
0.042,"get, good, like"
0.024,"food, get, like, place"
0.022,"food, get, good, like"
0.029,"get, good, like, place"
0.041,"food, like, service"
0.028,"get, like, service"
0.032,"like, place, service"
0.034,"good, like, service"
0.027,"great, like, service"
0.022,"like, one, service"
0.023,"like, service, time"
0.021,"food, like, place, service"
0.025,"food, good, like, service"
0.022,"food, great, like, service"
0.04,"get, like, one"
0.04,"good, like, one"
0.039,"like, one, place"
0.028,"great, like, one"
0.027,"food, like, one"
0.038,"like, one, time"
0.022,"get, good, like, one"
0.025,"good, like, one, place"
0.023,"get, like, one, place"
0.02,"get, great, like, one"
0.024,"like, one, place, time"
0.023,"get, like, one, time"
0.024,"good, like, one, time"
0.059,"food, u"
0.059,"place, u"
0.042,"like, u"
0.046,"get, u"
0.041,"great, u"
0.029,"little, u"
0.025,"also, u"
0.056,"time, u"
0.023,"best, u"
0.036,"come, u"
0.029,"restaurant, u"
0.02,"nice, u"
0.059,"good, u"
0.041,"got, u"
0.04,"u, would"
0.04,"one, u"
0.036,"back, u"
0.026,"make, u"
0.045,"service, u"
0.022,"even, u"
0.04,"go, u"
0.025,"u, well"
0.032,"really, u"
0.033,"food, good, u"
0.03,"food, place, u"
0.03,"good, place, u"
0.027,"like, place, u"
0.022,"food, like, u"
0.028,"get, like, u"
0.023,"like, time, u"
0.022,"good, like, u"
0.029,"food, get, u"
0.023,"get, place, u"
0.027,"get, time, u"
0.03,"get, good, u"
0.02,"food, get, good, u"
0.024,"food, great, u"
0.02,"great, place, u"
0.023,"great, time, u"
0.031,"place, time, u"
0.03,"good, time, u"
0.028,"food, time, u"
0.027,"come, food, u"
0.022,"come, place, u"
0.021,"come, good, u"
0.021,"come, get, u"
0.024,"food, restaurant, u"
0.02,"get, restaurant, u"
0.024,"got, place, u"
0.023,"got, time, u"
0.023,"good, got, u"
0.021,"food, got, u"
0.027,"place, u, would"
0.025,"time, u, would"
0.023,"food, u, would"
0.021,"go, u, would"
0.021,"like, u, would"
0.02,"get, u, would"
0.026,"one, time, u"
0.024,"one, place, u"
0.024,"good, one, u"
0.021,"one, u, would"
0.021,"food, one, u"
0.021,"one, service, u"
0.021,"like, one, u"
0.021,"get, one, u"
0.022,"back, place, u"
0.022,"back, food, u"
0.02,"back, good, u"
0.025,"food, service, u"
0.02,"place, service, u"
0.021,"good, service, u"
0.02,"service, time, u"
0.027,"go, time, u"
0.027,"go, place, u"
0.02,"go, like, u"
0.02,"food, go, u"
0.02,"get, really, u"
0.038,"day, place"
0.036,"day, like"
0.03,"day, food"
0.02,"day, u"
0.038,"day, time"
0.024,"day, make"
0.024,"back, day"
0.021,"day, got"
0.021,"also, day"
0.032,"day, get"
0.045,"day, good"
0.029,"day, great"
0.028,"day, would"
0.027,"day, one"
0.023,"come, day"
0.021,"best, day"
0.021,"day, service"
0.022,"came, day"
0.021,"day, really"
0.02,"could, day"
0.022,"day, well"
0.022,"day, much"
0.023,"day, go"
0.023,"day, good, place"
0.024,"day, good, like"
0.02,"day, good, time"
0.051,"eat, food"
0.048,"eat, place"
0.023,"eat, like"
0.032,"eat, great"
0.03,"eat, really"
0.024,"back, eat"
0.021,"eat, got"
0.045,"eat, good"
0.021,"eat, restaurant"
0.021,"eat, go"
0.03,"eat, time"
0.027,"eat, service"
0.02,"eat, well"
0.034,"eat, get"
0.024,"eat, one"
0.02,"eat, make"
0.021,"eat, would"
0.024,"eat, food, place"
0.022,"eat, great, place"
0.021,"eat, food, great"
0.02,"eat, place, really"
0.021,"eat, good, really"
0.02,"eat, food, really"
0.031,"eat, food, good"
0.026,"eat, good, place"
0.022,"eat, place, time"
0.021,"eat, get, place"
0.02,"eat, get, good"
0.021,"eat, one, place"
0.043,"night, place"
0.04,"food, night"
0.034,"like, night"
0.035,"good, night"
0.033,"go, night"
0.032,"night, time"
0.026,"back, night"
0.022,"night, really"
0.027,"night, restaurant"
0.027,"night, service"
0.021,"night, well"
0.02,"bar, night"
0.03,"night, one"
0.028,"night, would"
0.02,"came, night"
0.03,"great, night"
0.024,"get, night"
0.02,"drink, night"
0.023,"night, went"
0.024,"food, night, place"
0.022,"like, night, place"
0.022,"food, good, night"
0.021,"go, night, place"
0.02,"food, go, night"
0.022,"night, place, time"
0.022,"night, one, place"
0.036,"place, star"
0.031,"food, star"
0.023,"like, star"
0.024,"great, star"
0.032,"star, would"
0.025,"one, star"
0.022,"service, star"
0.023,"good, star"
0.02,"could, star"
0.02,"place, star, would"
0.035,"atmosphere, food"
0.032,"atmosphere, place"
0.038,"atmosphere, great"
0.025,"atmosphere, service"
0.033,"atmosphere, good"
0.024,"atmosphere, food, great"
0.02,"atmosphere, food, place"
0.021,"atmosphere, great, place"
0.021,"atmosphere, food, good"
0.021,"atmosphere, good, great"
0.023,"4, good"
0.02,"bring, food"
0.098,"food, time"
0.125,"place, time"
0.112,"good, time"
0.082,"service, time"
0.099,"great, time"
0.055,"food, place, time"
0.054,"food, good, time"
0.036,"food, great, time"
0.032,"food, good, place, time"
0.024,"food, great, place, time"
0.067,"good, place, time"
0.041,"food, service, time"
0.037,"place, service, time"
0.036,"great, service, time"
0.04,"good, service, time"
0.024,"food, place, service, time"
0.025,"good, place, service, time"
0.028,"food, good, service, time"
0.051,"great, place, time"
0.035,"good, great, time"
0.021,"good, great, place, time"
0.085,"back, food"
0.074,"back, time"
0.086,"back, place"
0.078,"back, great"
0.075,"back, service"
0.096,"back, good"
0.065,"back, get"
0.063,"back, one"
0.044,"back, food, place"
0.047,"back, food, good"
0.025,"back, food, good, place"
0.029,"back, food, time"
0.036,"back, good, time"
0.035,"back, place, time"
0.031,"back, great, time"
0.024,"back, service, time"
0.045,"back, good, place"
0.038,"back, great, place"
0.036,"back, food, great"
0.035,"back, good, great"
0.021,"back, food, great, place"
0.037,"back, food, service"
0.036,"back, great, service"
0.03,"back, place, service"
0.035,"back, good, service"
0.023,"back, food, great, service"
0.02,"back, food, place, service"
0.032,"back, get, place"
0.031,"back, get, good"
0.03,"back, food, get"
0.029,"back, get, time"
0.028,"back, get, great"
0.026,"back, get, service"
0.035,"back, one, place"
0.033,"back, good, one"
0.03,"back, one, time"
0.028,"back, get, one"
0.027,"back, food, one"
0.025,"back, great, one"
0.023,"back, one, service"
0.065,"also, food"
0.061,"also, time"
0.05,"also, back"
0.049,"also, like"
0.03,"also, friendly"
0.074,"also, place"
0.058,"also, great"
0.044,"also, get"
0.072,"also, good"
0.065,"also, one"
0.05,"also, would"
0.028,"also, staff"
0.049,"also, service"
0.045,"also, really"
0.032,"also, go"
0.043,"also, food, place"
0.039,"also, food, good"
0.027,"also, food, one"
0.029,"also, food, good, place"
0.024,"also, food, one, place"
0.029,"also, food, time"
0.038,"also, place, time"
0.034,"also, one, time"
0.031,"also, good, time"
0.021,"also, food, good, time"
0.021,"also, food, place, time"
0.025,"also, one, place, time"
0.022,"also, good, one, time"
0.022,"also, good, place, time"
0.024,"also, back, food"
0.021,"also, back, time"
0.026,"also, back, one"
0.026,"also, back, place"
0.024,"also, back, good"
0.022,"also, back, great"
0.021,"also, back, would"
0.029,"also, food, like"
0.025,"also, like, time"
0.032,"also, like, place"
0.03,"also, good, like"
0.026,"also, like, one"
0.022,"also, great, like"
0.021,"also, like, would"
0.022,"also, food, like, place"
0.02,"also, food, good, like"
0.02,"also, good, like, place"
0.032,"also, great, place"
0.028,"also, food, great"
0.026,"also, great, time"
0.026,"also, great, one"
0.026,"also, good, great"
0.02,"also, food, great, place"
0.028,"also, food, get"
0.027,"also, get, place"
0.022,"also, get, great"
0.024,"also, get, good"
0.023,"also, get, time"
0.022,"also, get, one"
0.021,"also, back, get"
0.021,"also, get, would"
0.02,"also, get, like"
0.022,"also, food, get, place"
0.039,"also, good, place"
0.041,"also, one, place"
0.034,"also, good, one"
0.023,"also, good, one, place"
0.032,"also, one, would"
0.03,"also, place, would"
0.027,"also, time, would"
0.024,"also, food, would"
0.024,"also, good, would"
0.023,"also, one, place, would"
0.02,"also, place, time, would"
0.02,"also, one, time, would"
0.027,"also, food, service"
0.025,"also, place, service"
0.023,"also, one, service"
0.03,"also, good, service"
0.026,"also, great, service"
0.024,"also, service, time"
0.031,"also, good, really"
0.027,"also, place, really"
0.026,"also, one, really"
0.023,"also, great, really"
0.022,"also, food, really"
0.026,"also, really, time"
0.02,"also, one, place, really"
0.02,"also, good, one, really"
0.022,"also, go, place"
0.048,"love, time"
0.045,"food, love"
0.04,"like, love"
0.032,"friendly, love"
0.025,"also, love"
0.023,"back, love"
0.081,"love, place"
0.046,"good, love"
0.033,"go, love"
0.024,"love, staff"
0.037,"love, service"
0.058,"great, love"
0.023,"love, nice"
0.032,"love, would"
0.03,"love, one"
0.03,"get, love"
0.022,"love, well"
0.032,"love, really"
0.026,"best, love"
0.03,"love, place, time"
0.028,"food, love, place"
0.022,"food, good, love"
0.026,"like, love, place"
0.031,"good, love, place"
0.02,"go, love, place"
0.023,"love, place, service"
0.035,"great, love, place"
0.02,"love, place, would"
0.022,"love, one, place"
0.02,"get, love, place"
0.024,"love, place, really"
0.059,"back, got"
0.052,"food, got"
0.051,"got, time"
0.046,"got, like"
0.038,"also, got"
0.02,"friendly, got"
0.063,"got, place"
0.048,"got, great"
0.036,"got, really"
0.066,"good, got"
0.047,"got, one"
0.045,"got, would"
0.041,"get, got"
0.025,"best, got"
0.033,"got, restaurant"
0.027,"got, well"
0.046,"go, got"
0.046,"got, service"
0.02,"got, nice"
0.03,"back, got, place"
0.03,"back, good, got"
0.024,"back, food, got"
0.035,"food, good, got"
0.026,"food, got, place"
0.031,"back, got, time"
0.024,"food, got, time"
0.03,"got, place, time"
0.029,"good, got, time"
0.026,"back, got, like"
0.022,"got, like, time"
0.029,"good, got, like"
0.023,"got, like, one"
0.025,"got, like, place"
0.021,"also, back, got"
0.02,"also, got, time"
0.025,"also, got, place"
0.022,"also, good, got"
0.036,"good, got, place"
0.027,"got, great, place"
0.021,"back, got, great"
0.023,"food, got, great"
0.022,"good, got, great"
0.02,"got, great, time"
0.023,"back, got, really"
0.02,"got, place, really"
0.022,"good, got, really"
0.021,"got, like, really"
0.03,"got, one, place"
0.026,"good, got, one"
0.025,"got, one, time"
0.025,"back, got, one"
0.021,"got, great, one"
0.026,"back, got, would"
0.026,"got, place, would"
0.025,"good, got, would"
0.022,"got, one, would"
0.02,"got, time, would"
0.027,"got, like, would"
0.022,"back, get, got"
0.021,"get, got, one"
0.021,"get, good, got"
0.02,"get, got, time"
0.02,"get, got, place"
0.021,"get, go, got"
0.021,"food, got, restaurant"
0.021,"good, got, restaurant"
0.031,"back, go, got"
0.027,"go, got, time"
0.026,"go, good, got"
0.022,"go, got, one"
0.025,"go, got, place"
0.023,"back, got, service"
0.022,"good, got, service"
0.022,"got, one, service"
0.025,"food, got, service"
0.022,"got, place, service"
0.057,"make, time"
0.044,"like, make"
0.039,"food, make"
0.034,"back, make"
0.033,"also, make"
0.024,"got, make"
0.022,"love, make"
0.02,"friendly, make"
0.032,"make, really"
0.062,"make, place"
0.053,"good, make"
0.048,"get, make"
0.048,"great, make"
0.045,"make, would"
0.045,"make, one"
0.026,"make, staff"
0.023,"little, make"
0.022,"best, make"
0.023,"make, restaurant"
0.028,"make, well"
0.033,"go, make"
0.032,"make, service"
0.026,"even, make"
0.025,"make, nice"
0.033,"make, place, time"
0.023,"like, make, time"
0.028,"like, make, place"
0.025,"good, like, make"
0.023,"like, make, one"
0.023,"get, like, make"
0.021,"great, like, make"
0.022,"like, make, would"
0.02,"food, make, time"
0.024,"food, make, place"
0.02,"food, great, make"
0.022,"back, make, time"
0.021,"also, make, place"
0.032,"good, make, place"
0.03,"good, make, time"
0.021,"good, make, place, time"
0.027,"get, good, make"
0.027,"get, make, place"
0.025,"get, make, time"
0.028,"great, make, place"
0.022,"get, great, make"
0.021,"good, great, make"
0.021,"great, make, time"
0.026,"make, place, would"
0.025,"good, make, would"
0.024,"make, time, would"
0.031,"make, one, place"
0.029,"good, make, one"
0.025,"make, one, time"
0.023,"get, make, one"
0.021,"make, one, would"
0.023,"good, make, one, place"
0.02,"make, one, place, time"
0.048,"definitely, food"
0.046,"back, definitely"
0.034,"definitely, time"
0.032,"also, definitely"
0.031,"definitely, like"
0.027,"definitely, got"
0.024,"definitely, friendly"
0.058,"definitely, place"
0.045,"definitely, great"
0.029,"come, definitely"
0.028,"definitely, really"
0.034,"definitely, service"
0.031,"definitely, well"
0.032,"definitely, try"
0.03,"definitely, get"
0.025,"definitely, go"
0.038,"definitely, would"
0.031,"definitely, one"
0.021,"definitely, little"
0.024,"definitely, nice"
0.021,"definitely, delicious"
0.05,"definitely, good"
0.021,"definitely, even"
0.021,"best, definitely"
0.025,"definitely, restaurant"
0.023,"definitely, food, good"
0.026,"definitely, food, place"
0.021,"back, definitely, food"
0.02,"back, definitely, place"
0.023,"back, definitely, good"
0.02,"definitely, good, time"
0.028,"definitely, great, place"
0.023,"back, definitely, great"
0.023,"definitely, food, great"
0.021,"definitely, food, service"
0.02,"back, definitely, service"
0.021,"definitely, place, would"
0.021,"definitely, one, place"
0.026,"definitely, good, place"
0.057,"food, im"
0.044,"im, time"
0.041,"im, like"
0.039,"back, im"
0.032,"im, love"
0.028,"also, im"
0.022,"definitely, im"
0.022,"im, make"
0.022,"got, im"
0.067,"im, place"
0.062,"good, im"
0.039,"great, im"
0.031,"im, really"
0.03,"im, well"
0.032,"im, service"
0.028,"go, im"
0.037,"im, one"
0.035,"im, would"
0.029,"im, try"
0.02,"come, im"
0.02,"im, restaurant"
0.04,"get, im"
0.025,"im, nice"
0.022,"even, im"
0.02,"could, im"
0.021,"dont, im"
0.039,"food, im, place"
0.038,"food, good, im"
0.029,"food, good, im, place"
0.023,"food, im, time"
0.026,"good, im, time"
0.026,"im, place, time"
0.024,"food, im, like"
0.029,"good, im, like"
0.029,"im, like, place"
0.021,"good, im, like, place"
0.022,"back, food, im"
0.023,"back, good, im"
0.023,"back, im, place"
0.02,"back, great, im"
0.02,"im, love, place"
0.041,"good, im, place"
0.029,"great, im, place"
0.026,"food, great, im"
0.021,"good, great, im"
0.021,"food, great, im, place"
0.023,"food, im, really"
0.023,"im, place, really"
0.022,"good, im, really"
0.02,"im, place, well"
0.022,"food, im, service"
0.022,"im, place, service"
0.025,"im, one, place"
0.021,"good, im, one"
0.02,"food, im, one"
0.023,"im, place, would"
0.02,"good, im, would"
0.023,"im, place, try"
0.021,"good, im, try"
0.026,"get, good, im"
0.026,"get, im, place"
0.025,"get, im, like"
0.02,"food, get, im"
0.021,"get, im, time"
0.058,"food, ordered"
0.038,"ordered, time"
0.037,"like, ordered"
0.035,"back, ordered"
0.028,"also, ordered"
0.027,"im, ordered"
0.024,"got, ordered"
0.061,"good, ordered"
0.046,"ordered, place"
0.038,"great, ordered"
0.029,"ordered, really"
0.02,"ordered, well"
0.024,"come, ordered"
0.022,"ordered, u"
0.022,"nice, ordered"
0.021,"ordered, restaurant"
0.036,"get, ordered"
0.032,"ordered, would"
0.03,"one, ordered"
0.029,"order, ordered"
0.026,"little, ordered"
0.022,"ordered, try"
0.021,"delicious, ordered"
0.036,"ordered, service"
0.025,"even, ordered"
0.023,"ordered, thing"
0.02,"go, ordered"
0.028,"didnt, ordered"
0.025,"could, ordered"
0.031,"came, ordered"
0.021,"first, ordered"
0.038,"food, good, ordered"
0.023,"food, ordered, time"
0.025,"good, ordered, time"
0.024,"food, like, ordered"
0.024,"good, like, ordered"
0.02,"back, food, ordered"
0.025,"back, good, ordered"
0.021,"also, good, ordered"
0.02,"good, im, ordered"
0.029,"good, ordered, place"
0.027,"food, ordered, place"
0.024,"food, great, ordered"
0.021,"great, ordered, place"
0.026,"get, good, ordered"
0.025,"food, get, ordered"
0.023,"get, ordered, time"
0.023,"get, like, ordered"
0.022,"good, ordered, would"
0.021,"food, ordered, would"
0.023,"good, one, ordered"
0.02,"good, little, ordered"
0.024,"food, ordered, service"
0.022,"good, ordered, service"
0.024,"came, good, ordered"
0.021,"came, food, ordered"
0.02,"came, get, ordered"
0.02,"came, like, ordered"
0.049,"know, time"
0.037,"know, like"
0.034,"food, know"
0.031,"back, know"
0.03,"know, make"
0.026,"im, know"
0.024,"know, love"
0.021,"got, know"
0.02,"friendly, know"
0.037,"know, really"
0.046,"know, place"
0.038,"go, know"
0.037,"great, know"
0.024,"didnt, know"
0.023,"know, service"
0.044,"good, know"
0.03,"come, know"
0.022,"even, know"
0.02,"always, know"
0.024,"know, restaurant"
0.023,"know, people"
0.024,"know, u"
0.02,"know, went"
0.044,"get, know"
0.039,"know, one"
0.029,"dont, know"
0.028,"know, well"
0.021,"know, never"
0.021,"know, little"
0.02,"know, made"
0.026,"first, know"
0.023,"could, know"
0.031,"know, would"
0.023,"know, like, time"
0.026,"get, know, like"
0.023,"know, like, place"
0.02,"know, like, one"
0.021,"food, know, time"
0.023,"food, know, place"
0.021,"food, know, really"
0.02,"food, get, know"
0.021,"know, really, time"
0.023,"know, place, really"
0.02,"go, know, really"
0.021,"get, know, really"
0.02,"know, one, really"
0.028,"know, place, time"
0.022,"go, know, place"
0.02,"go, know, time"
0.021,"great, know, place"
0.026,"good, know, place"
0.026,"good, know, time"
0.022,"get, good, know"
0.022,"come, know, place"
0.02,"come, get, know"
0.023,"get, know, place"
0.027,"get, know, time"
0.024,"get, know, one"
0.022,"good, know, one"
0.021,"know, one, time"
0.02,"dont, know, time"
0.02,"get, know, would"
0.042,"bar, food"
0.029,"bar, time"
0.025,"bar, like"
0.022,"back, bar"
0.021,"bar, got"
0.021,"also, bar"
0.04,"bar, good"
0.033,"bar, great"
0.029,"bar, drink"
0.028,"bar, service"
0.023,"bar, restaurant"
0.023,"bar, go"
0.043,"bar, place"
0.026,"bar, would"
0.026,"bar, get"
0.026,"bar, one"
0.023,"bar, best"
0.021,"bar, still"
0.02,"bar, food, place"
0.027,"bar, food, good"
0.021,"bar, good, place"
0.023,"bar, great, place"
0.022,"bar, food, service"
0.036,"friend, time"
0.028,"food, friend"
0.026,"friend, like"
0.026,"back, friend"
0.025,"also, friend"
0.023,"friend, got"
0.042,"friend, place"
0.035,"friend, great"
0.034,"friend, good"
0.032,"friend, would"
0.031,"friend, one"
0.024,"come, friend"
0.024,"friend, get"
0.02,"friend, u"
0.021,"didnt, friend"
0.021,"friend, go"
0.02,"friend, really"
0.024,"friend, place, time"
0.024,"friend, great, place"
0.021,"friend, good, place"
0.023,"friend, place, would"
0.024,"friend, one, time"
0.022,"friend, one, place"
0.032,"feel, time"
0.029,"feel, like"
0.024,"feel, make"
0.022,"also, feel"
0.029,"feel, place"
0.025,"feel, good"
0.02,"feel, made"
0.02,"feel, would"
0.02,"feel, one"
0.022,"feel, great"
0.026,"room, time"
0.028,"room, would"
0.022,"one, room"
0.023,"good, room"
0.022,"place, room"
0.036,"next, time"
0.025,"food, next"
0.023,"back, next"
0.021,"next, service"
0.029,"get, next"
0.028,"good, next"
0.027,"next, place"
0.02,"food, next, time"
0.02,"get, next, time"
0.021,"good, next, time"
0.021,"next, place, time"
0.02,"good, next, place"
0.021,"food, however"
0.024,"good, however"
0.021,"however, place"
0.026,"enough, food"
0.025,"enough, like"
0.024,"enough, time"
0.021,"enough, place"
0.028,"enough, good"
0.021,"enough, one"
0.022,"enough, get"
0.027,"big, food"
0.028,"big, place"
0.024,"big, good"
0.021,"big, one"
0.023,"good, hot"
0.023,"hot, place"
0.02,"great, spot"
0.023,"check, time"
0.02,"check, service"
0.02,"back, ill"
0.02,"food, ok"
0.158,"good, place"
0.171,"food, good"
0.076,"food, good, place"
0.096,"go, place"
0.082,"go, good"
0.079,"go, great"
0.078,"food, go"
0.063,"go, service"
0.061,"go, like"
0.08,"back, go"
0.079,"go, time"
0.073,"get, go"
0.064,"go, one"
0.061,"go, would"
0.043,"go, good, place"
0.042,"go, great, place"
0.033,"back, go, great"
0.031,"go, good, great"
0.034,"go, great, time"
0.02,"go, great, place, time"
0.042,"food, go, place"
0.032,"food, go, great"
0.041,"food, go, good"
0.035,"back, food, go"
0.03,"food, go, time"
0.02,"food, go, good, place"
0.02,"back, food, go, good"
0.02,"food, go, place, time"
0.035,"food, go, service"
0.031,"go, place, service"
0.029,"go, great, service"
0.031,"go, good, service"
0.032,"back, go, service"
0.022,"get, go, service"
0.021,"go, one, service"
0.024,"go, service, time"
0.02,"food, go, place, service"
0.02,"food, go, great, service"
0.02,"food, go, good, service"
0.032,"go, good, like"
0.023,"food, go, like"
0.034,"go, like, place"
0.032,"get, go, like"
0.027,"go, great, like"
0.027,"back, go, like"
0.025,"go, like, one"
0.024,"go, like, service"
0.031,"go, like, would"
0.029,"go, like, time"
0.02,"get, go, like, place"
0.02,"go, like, place, would"
0.02,"go, good, like, would"
0.042,"back, go, place"
0.036,"back, go, good"
0.021,"back, go, good, place"
0.044,"go, place, time"
0.033,"back, go, time"
0.032,"go, good, time"
0.022,"go, good, place, time"
0.045,"get, go, place"
0.035,"get, go, great"
0.034,"get, go, good"
0.031,"back, get, go"
0.027,"food, get, go"
0.038,"get, go, time"
0.022,"get, go, great, place"
0.022,"get, go, good, place"
0.021,"food, get, go, place"
0.024,"get, go, place, time"
0.033,"go, one, place"
0.03,"get, go, one"
0.028,"go, great, one"
0.027,"back, go, one"
0.025,"go, good, one"
0.02,"food, go, one"
0.028,"go, one, time"
0.02,"get, go, one, place"
0.034,"go, place, would"
0.032,"get, go, would"
0.029,"go, time, would"
0.025,"go, one, would"
0.022,"go, great, would"
0.03,"food, go, would"
0.029,"go, good, would"
0.033,"back, go, would"
0.023,"go, service, would"
0.021,"get, go, place, would"
0.07,"good, try"
0.068,"place, try"
0.036,"go, try"
0.026,"love, try"
0.022,"staff, try"
0.053,"food, try"
0.041,"service, try"
0.025,"restaurant, try"
0.024,"even, try"
0.024,"nice, try"
0.023,"try, well"
0.023,"friendly, try"
0.052,"time, try"
0.047,"back, try"
0.045,"great, try"
0.041,"try, would"
0.04,"get, try"
0.036,"one, try"
0.031,"make, try"
0.028,"got, try"
0.025,"also, try"
0.038,"really, try"
0.045,"like, try"
0.043,"good, place, try"
0.025,"go, good, try"
0.021,"go, place, try"
0.021,"go, time, try"
0.02,"back, go, try"
0.022,"love, place, try"
0.041,"food, good, try"
0.032,"food, place, try"
0.025,"food, good, place, try"
0.023,"good, service, try"
0.021,"good, restaurant, try"
0.036,"place, time, try"
0.031,"good, time, try"
0.02,"food, time, try"
0.024,"good, place, time, try"
0.029,"back, good, try"
0.026,"back, place, try"
0.024,"back, time, try"
0.02,"back, food, try"
0.026,"good, great, try"
0.024,"great, place, try"
0.021,"great, time, try"
0.021,"food, great, try"
0.026,"good, try, would"
0.025,"place, try, would"
0.022,"back, try, would"
0.02,"time, try, would"
0.02,"food, try, would"
0.023,"like, try, would"
0.027,"get, good, try"
0.024,"get, time, try"
0.023,"get, place, try"
0.02,"back, get, try"
0.022,"get, like, try"
0.026,"one, place, try"
0.025,"one, time, try"
0.022,"good, one, try"
0.02,"one, place, time, try"
0.023,"make, time, try"
0.021,"make, place, try"
0.02,"good, got, try"
0.022,"place, really, try"
0.024,"good, really, try"
0.027,"like, place, try"
0.034,"good, like, try"
0.024,"like, time, try"
0.021,"good, like, place, try"
0.032,"place, special"
0.031,"good, special"
0.023,"go, special"
0.033,"food, special"
0.023,"get, special"
0.023,"great, special"
0.021,"really, special"
0.021,"one, special"
0.021,"service, special"
0.02,"like, special"
0.026,"special, time"
0.02,"special, would"
0.02,"good, place, special"
0.033,"awesome, place"
0.029,"awesome, good"
0.041,"awesome, great"
0.027,"awesome, food"
0.021,"awesome, service"
0.02,"awesome, get"
0.02,"awesome, great, place"
0.047,"never, place"
0.052,"food, never"
0.037,"never, would"
0.03,"good, never"
0.028,"even, never"
0.043,"never, time"
0.04,"never, service"
0.037,"never, one"
0.031,"ive, never"
0.025,"never, well"
0.024,"never, staff"
0.022,"always, never"
0.022,"im, never"
0.03,"back, never"
0.027,"come, never"
0.024,"never, u"
0.022,"came, never"
0.022,"never, restaurant"
0.021,"love, never"
0.025,"also, never"
0.02,"didnt, never"
0.036,"get, never"
0.031,"great, never"
0.021,"dont, never"
0.034,"like, never"
0.028,"go, never"
0.023,"never, really"
0.028,"food, never, place"
0.024,"food, good, never"
0.024,"food, never, time"
0.02,"food, never, service"
0.02,"never, one, time"
0.021,"never, one, place"
0.02,"food, never, one"
0.021,"food, ive, never"
0.024,"get, never, place"
0.022,"food, get, never"
0.02,"get, never, time"
0.02,"get, like, never"
0.043,"amazing, place"
0.034,"amazing, great"
0.028,"amazing, good"
0.028,"amazing, time"
0.021,"amazing, get"
0.041,"amazing, food"
0.03,"amazing, service"
0.022,"amazing, well"
0.02,"amazing, back"
0.026,"amazing, one"
0.02,"amazing, go"
0.02,"amazing, food, great"
0.02,"amazing, food, place"
0.022,"amazing, food, service"
0.036,"menu, place"
0.042,"food, menu"
0.04,"good, menu"
0.028,"menu, service"
0.025,"menu, try"
0.025,"menu, restaurant"
0.024,"menu, well"
0.023,"go, menu"
0.02,"even, menu"
0.031,"menu, time"
0.029,"get, menu"
0.029,"great, menu"
0.028,"back, menu"
0.023,"also, menu"
0.023,"menu, would"
0.023,"menu, one"
0.021,"delicious, menu"
0.02,"menu, table"
0.02,"menu, order"
0.02,"menu, u"
0.03,"like, menu"
0.022,"menu, really"
0.024,"good, menu, place"
0.02,"food, good, menu"
0.021,"good, menu, time"
0.021,"food, great, menu"
0.022,"good, like, menu"
0.02,"like, menu, place"
0.043,"place, see"
0.037,"see, time"
0.032,"one, see"
0.029,"see, would"
0.022,"see, service"
0.031,"get, see"
0.043,"good, see"
0.032,"food, see"
0.031,"also, see"
0.03,"great, see"
0.029,"back, see"
0.02,"see, still"
0.02,"come, see"
0.02,"got, see"
0.024,"see, went"
0.022,"see, u"
0.029,"like, see"
0.024,"really, see"
0.023,"see, thing"
0.021,"first, see"
0.02,"dont, see"
0.023,"came, see"
0.022,"nice, see"
0.024,"could, see"
0.021,"go, see"
0.024,"good, place, see"
0.024,"place, see, time"
0.02,"one, place, see"
0.021,"see, time, would"
0.02,"one, see, would"
0.02,"get, see, time"
0.02,"food, good, see"
0.024,"dinner, place"
0.03,"dinner, food"
0.023,"dinner, great"
0.021,"dinner, service"
0.02,"dinner, really"
0.032,"dinner, good"
0.088,"place, really"
0.087,"good, really"
0.081,"food, really"
0.072,"great, really"
0.063,"like, really"
0.054,"back, really"
0.065,"really, time"
0.058,"really, service"
0.057,"go, really"
0.062,"one, really"
0.057,"really, would"
0.064,"get, really"
0.049,"good, place, really"
0.049,"food, good, really"
0.044,"food, place, really"
0.028,"food, good, place, really"
0.042,"great, place, really"
0.04,"food, great, really"
0.036,"good, great, really"
0.025,"food, great, place, really"
0.024,"food, good, great, really"
0.021,"good, great, place, really"
0.04,"good, like, really"
0.038,"like, place, really"
0.035,"food, like, really"
0.027,"great, like, really"
0.034,"get, like, really"
0.025,"like, really, time"
0.025,"good, like, place, really"
0.023,"food, good, like, really"
0.022,"food, like, place, really"
0.022,"food, great, like, really"
0.021,"food, get, like, really"
0.021,"get, like, place, really"
0.02,"get, good, like, really"
0.031,"back, place, really"
0.023,"back, great, really"
0.034,"back, good, really"
0.03,"back, go, really"
0.029,"back, food, really"
0.021,"back, really, time"
0.026,"back, like, really"
0.025,"back, get, really"
0.023,"back, one, really"
0.024,"back, really, would"
0.021,"back, good, place, really"
0.035,"place, really, time"
0.032,"good, really, time"
0.031,"food, really, time"
0.03,"great, really, time"
0.02,"good, place, really, time"
0.036,"food, really, service"
0.029,"place, really, service"
0.026,"great, really, service"
0.022,"one, really, service"
0.021,"really, service, time"
0.028,"good, really, service"
0.025,"like, really, service"
0.022,"get, really, service"
0.02,"food, place, really, service"
0.022,"food, great, really, service"
0.021,"food, good, really, service"
0.03,"go, place, really"
0.028,"food, go, really"
0.023,"go, great, really"
0.02,"go, really, service"
0.03,"go, good, really"
0.028,"go, really, time"
0.027,"get, go, really"
0.024,"go, like, really"
0.023,"go, one, really"
0.026,"go, really, would"
0.035,"one, really, time"
0.027,"food, one, really"
0.036,"one, place, really"
0.033,"good, one, really"
0.031,"get, one, really"
0.029,"like, one, really"
0.028,"great, one, really"
0.023,"one, place, really, time"
0.023,"good, one, place, really"
0.022,"get, like, one, really"
0.03,"food, really, would"
0.029,"really, time, would"
0.024,"one, really, would"
0.02,"really, service, would"
0.033,"good, really, would"
0.033,"place, really, would"
0.027,"like, really, would"
0.025,"get, really, would"
0.025,"great, really, would"
0.021,"food, good, really, would"
0.022,"good, place, really, would"
0.033,"get, place, really"
0.032,"food, get, really"
0.03,"get, good, really"
0.027,"get, great, really"
0.03,"get, really, time"
0.071,"place, well"
0.064,"great, well"
0.064,"good, well"
0.054,"food, well"
0.045,"really, well"
0.044,"like, well"
0.057,"time, well"
0.053,"service, well"
0.042,"well, would"
0.04,"one, well"
0.03,"friendly, well"
0.024,"staff, well"
0.041,"go, well"
0.033,"nice, well"
0.039,"back, well"
0.041,"get, well"
0.039,"also, well"
0.033,"great, place, well"
0.036,"good, place, well"
0.026,"good, great, well"
0.034,"food, good, well"
0.028,"food, place, well"
0.027,"food, great, well"
0.024,"food, time, well"
0.029,"place, really, well"
0.025,"good, really, well"
0.022,"food, really, well"
0.02,"great, really, well"
0.021,"really, service, well"
0.021,"really, time, well"
0.03,"like, place, well"
0.027,"good, like, well"
0.023,"like, really, well"
0.023,"great, like, well"
0.021,"like, time, well"
0.032,"place, time, well"
0.03,"good, time, well"
0.027,"great, time, well"
0.027,"food, service, well"
0.021,"service, time, well"
0.025,"good, service, well"
0.024,"great, service, well"
0.02,"place, service, well"
0.022,"time, well, would"
0.023,"place, well, would"
0.02,"good, well, would"
0.023,"one, time, well"
0.02,"great, one, well"
0.025,"one, place, well"
0.023,"go, great, well"
0.021,"go, place, well"
0.02,"get, go, well"
0.02,"go, time, well"
0.021,"nice, place, well"
0.022,"back, good, well"
0.022,"get, like, well"
0.022,"get, place, well"
0.021,"get, good, well"
0.024,"get, time, well"
0.02,"also, one, well"
0.02,"also, great, well"
0.022,"also, place, well"
0.045,"made, place"
0.037,"great, made"
0.035,"food, made"
0.034,"good, made"
0.029,"like, made"
0.024,"made, really"
0.023,"made, well"
0.023,"experience, made"
0.021,"made, staff"
0.035,"get, made"
0.035,"made, one"
0.041,"made, time"
0.035,"made, would"
0.035,"back, made"
0.026,"made, make"
0.024,"got, made"
0.023,"came, made"
0.023,"made, u"
0.022,"made, order"
0.022,"come, made"
0.033,"made, service"
0.027,"also, made"
0.023,"made, went"
0.021,"even, made"
0.03,"go, made"
0.028,"could, made"
0.02,"first, made"
0.021,"food, made, place"
0.025,"good, made, place"
0.02,"like, made, time"
0.026,"made, one, place"
0.021,"made, one, time"
0.02,"made, one, would"
0.021,"made, place, time"
0.021,"made, time, would"
0.02,"made, place, would"
0.067,"good, pretty"
0.055,"place, pretty"
0.046,"food, pretty"
0.037,"like, pretty"
0.036,"great, pretty"
0.031,"pretty, really"
0.026,"im, pretty"
0.023,"pretty, well"
0.031,"back, pretty"
0.028,"pretty, time"
0.024,"go, pretty"
0.02,"come, pretty"
0.02,"even, pretty"
0.036,"get, pretty"
0.034,"one, pretty"
0.029,"pretty, would"
0.027,"also, pretty"
0.025,"order, pretty"
0.022,"got, pretty"
0.021,"pretty, try"
0.02,"little, pretty"
0.027,"pretty, service"
0.022,"nice, pretty"
0.025,"didnt, pretty"
0.021,"could, pretty"
0.024,"much, pretty"
0.021,"came, pretty"
0.021,"pretty, restaurant"
0.041,"good, place, pretty"
0.033,"food, good, pretty"
0.029,"food, place, pretty"
0.021,"food, good, place, pretty"
0.03,"good, like, pretty"
0.023,"like, place, pretty"
0.02,"food, like, pretty"
0.02,"good, like, place, pretty"
0.025,"good, great, pretty"
0.024,"great, place, pretty"
0.022,"food, great, pretty"
0.024,"good, pretty, really"
0.02,"good, im, pretty"
0.025,"back, good, pretty"
0.02,"good, pretty, time"
0.024,"get, good, pretty"
0.022,"get, place, pretty"
0.02,"get, like, pretty"
0.022,"one, place, pretty"
0.021,"good, one, pretty"
0.025,"good, pretty, would"
0.02,"good, pretty, service"
0.024,"good, hour"
0.023,"great, hour"
0.022,"hour, place"
0.022,"hour, service"
0.02,"go, hour"
0.02,"hour, one"
0.022,"hour, time"
0.035,"place, wasnt"
0.034,"good, wasnt"
0.031,"great, wasnt"
0.029,"food, wasnt"
0.028,"like, wasnt"
0.02,"ordered, wasnt"
0.02,"im, wasnt"
0.027,"time, wasnt"
0.026,"one, wasnt"
0.025,"wasnt, would"
0.021,"get, wasnt"
0.023,"back, wasnt"
0.021,"got, wasnt"
0.02,"also, wasnt"
0.021,"could, wasnt"
0.022,"good, place, wasnt"
0.02,"food, good, wasnt"
0.032,"bad, good"
0.031,"bad, food"
0.025,"bad, place"
0.02,"bad, great"
0.02,"bad, food, good"
0.027,"food, happy"
0.026,"good, happy"
0.024,"happy, place"
0.023,"great, happy"
0.022,"get, happy"
0.02,"happy, time"
0.024,"back, happy"
0.024,"5, good"
0.023,"5, great"
0.023,"5, place"
0.02,"5, food"
0.022,"5, star"
0.025,"2, good"
0.02,"2, like"
0.02,"2, place"
0.021,"2, would"
0.023,"high, place"
0.02,"food, rice"
0.02,"place, rice"
0.099,"get, place"
0.09,"get, great"
0.083,"food, get"
0.099,"get, time"
0.068,"get, service"
0.077,"get, one"
0.091,"get, good"
0.047,"get, place, time"
0.049,"get, great, place"
0.041,"get, great, time"
0.037,"get, good, great"
0.024,"get, great, place, time"
0.023,"get, good, great, place"
0.046,"food, get, place"
0.038,"food, get, great"
0.039,"food, get, time"
0.042,"food, get, good"
0.025,"food, get, great, place"
0.023,"food, get, place, time"
0.025,"food, get, good, time"
0.024,"food, get, good, place"
0.035,"food, get, service"
0.032,"get, great, service"
0.032,"get, service, time"
0.03,"get, place, service"
0.027,"get, one, service"
0.031,"get, good, service"
0.04,"get, one, place"
0.036,"get, one, time"
0.033,"food, get, one"
0.033,"get, great, one"
0.032,"get, good, one"
0.022,"get, one, place, time"
0.022,"food, get, one, place"
0.02,"food, get, one, time"
0.02,"get, good, one, time"
0.02,"get, good, one, place"
0.048,"get, good, place"
0.047,"get, good, time"
0.028,"get, good, place, time"
0.058,"food, little"
0.058,"little, place"
0.047,"great, little"
0.042,"get, little"
0.035,"also, little"
0.048,"little, time"
0.046,"little, would"
0.042,"little, service"
0.037,"little, one"
0.034,"little, really"
0.028,"little, restaurant"
0.028,"little, well"
0.024,"friendly, little"
0.022,"even, little"
0.064,"good, little"
0.036,"back, little"
0.026,"little, staff"
0.024,"got, little"
0.046,"like, little"
0.034,"little, nice"
0.03,"go, little"
0.041,"food, good, little"
0.029,"food, little, place"
0.034,"good, little, place"
0.021,"food, good, little, place"
0.024,"great, little, place"
0.022,"food, great, little"
0.026,"good, great, little"
0.023,"get, great, little"
0.022,"get, little, place"
0.022,"food, get, little"
0.022,"get, little, time"
0.02,"get, little, would"
0.025,"get, good, little"
0.02,"get, like, little"
0.024,"also, little, place"
0.021,"also, food, little"
0.02,"also, good, little"
0.024,"food, little, time"
0.026,"little, place, time"
0.026,"good, little, time"
0.025,"little, time, would"
0.022,"food, little, would"
0.027,"little, place, would"
0.022,"great, little, would"
0.025,"good, little, would"
0.021,"like, little, would"
0.023,"food, little, service"
0.02,"little, service, time"
0.022,"little, place, service"
0.028,"good, little, service"
0.02,"food, little, really"
0.024,"good, little, really"
0.021,"like, little, really"
0.021,"back, good, little"
0.028,"good, like, little"
0.024,"like, little, place"
0.02,"food, like, little"
0.024,"little, nice, place"
0.021,"good, little, nice"
0.044,"experience, great"
0.042,"experience, place"
0.038,"experience, food"
0.032,"experience, get"
0.024,"also, experience"
0.02,"experience, u"
0.041,"experience, good"
0.039,"experience, would"
0.023,"even, experience"
0.036,"experience, one"
0.036,"experience, service"
0.034,"back, experience"
0.023,"didnt, experience"
0.021,"experience, went"
0.028,"experience, really"
0.041,"experience, time"
0.028,"experience, go"
0.024,"could, experience"
0.023,"experience, got"
0.02,"experience, make"
0.029,"experience, like"
0.022,"experience, nice"
0.023,"experience, restaurant"
0.02,"experience, food, place"
0.02,"experience, get, time"
0.02,"experience, good, would"
0.021,"experience, place, would"
0.02,"experience, one, would"
0.02,"experience, one, place"
0.025,"experience, food, service"
0.021,"experience, place, time"
0.039,"find, place"
0.036,"find, great"
0.032,"find, food"
0.026,"find, get"
0.024,"also, find"
0.023,"find, service"
0.02,"back, find"
0.029,"find, one"
0.029,"find, time"
0.026,"find, good"
0.022,"find, make"
0.021,"find, would"
0.02,"come, find"
0.022,"find, like"
0.021,"find, great, place"
0.024,"find, food, place"
0.021,"find, one, place"
0.031,"food, review"
0.028,"place, review"
0.022,"also, review"
0.02,"great, review"
0.027,"review, would"
0.026,"one, review"
0.026,"review, time"
0.021,"review, service"
0.02,"really, review"
0.028,"good, review"
0.024,"back, review"
0.02,"came, review"
0.022,"like, review"
0.028,"food, took"
0.025,"get, took"
0.023,"great, took"
0.022,"place, took"
0.02,"took, u"
0.028,"good, took"
0.021,"one, took"
0.02,"like, took"
0.025,"time, took"
0.022,"good, hard"
0.02,"back, coming"
0.021,"keep, place"
0.02,"good, keep"
0.02,"food, water"
0.033,"great, much"
0.052,"much, place"
0.043,"much, time"
0.037,"much, would"
0.037,"much, one"
0.035,"food, much"
0.03,"get, much"
0.028,"much, service"
0.021,"ive, much"
0.021,"little, much"
0.022,"im, much"
0.052,"good, much"
0.027,"go, much"
0.026,"much, restaurant"
0.023,"much, try"
0.02,"much, nice"
0.036,"back, much"
0.026,"dont, much"
0.044,"like, much"
0.024,"much, u"
0.027,"didnt, much"
0.021,"came, much"
0.022,"make, much"
0.025,"got, much"
0.03,"good, much, place"
0.024,"much, place, time"
0.026,"like, much, time"
0.024,"much, time, would"
0.024,"like, much, would"
0.025,"much, one, time"
0.02,"much, one, place"
0.021,"food, much, place"
0.02,"food, good, much"
0.02,"get, like, much"
0.021,"back, much, time"
0.02,"back, good, much"
0.029,"like, much, place"
0.028,"good, like, much"
0.02,"good, like, much, place"
0.025,"place, sweet"
0.022,"good, sweet"
0.02,"great, helpful"
0.045,"drink, good"
0.042,"drink, great"
0.054,"drink, food"
0.045,"drink, place"
0.037,"drink, time"
0.035,"drink, one"
0.032,"drink, would"
0.029,"back, drink"
0.029,"drink, get"
0.022,"also, drink"
0.04,"drink, service"
0.02,"drink, friendly"
0.033,"drink, go"
0.029,"drink, really"
0.025,"drink, like"
0.022,"drink, nice"
0.023,"definitely, drink"
0.021,"drink, first"
0.02,"drink, restaurant"
0.027,"drink, food, good"
0.022,"drink, good, place"
0.02,"drink, good, great"
0.023,"drink, food, great"
0.02,"drink, great, place"
0.028,"drink, food, place"
0.025,"drink, food, time"
0.022,"drink, food, one"
0.02,"drink, one, place"
0.023,"drink, food, would"
0.029,"drink, food, service"
0.022,"drink, place, service"
0.021,"drink, food, really"
0.04,"food, people"
0.049,"people, place"
0.043,"good, people"
0.042,"people, time"
0.021,"people, restaurant"
0.037,"people, would"
0.036,"one, people"
0.029,"people, well"
0.028,"people, service"
0.024,"never, people"
0.021,"im, people"
0.02,"always, people"
0.036,"get, people"
0.035,"great, people"
0.026,"dont, people"
0.025,"make, people"
0.023,"also, people"
0.022,"got, people"
0.021,"friendly, people"
0.02,"love, people"
0.032,"like, people"
0.029,"people, really"
0.028,"go, people"
0.028,"back, people"
0.026,"even, people"
0.024,"people, thing"
0.024,"come, people"
0.021,"could, people"
0.023,"people, u"
0.025,"food, good, people"
0.022,"food, people, place"
0.025,"good, people, place"
0.024,"people, place, time"
0.023,"good, people, time"
0.02,"people, time, would"
0.023,"people, place, would"
0.023,"one, people, time"
0.02,"get, one, people"
0.022,"good, one, people"
0.022,"one, people, place"
0.023,"get, good, people"
0.02,"get, people, place"
0.023,"great, people, place"
0.02,"good, like, people"
0.022,"people, place, really"
0.031,"food, sauce"
0.039,"good, sauce"
0.031,"place, sauce"
0.026,"one, sauce"
0.022,"got, sauce"
0.022,"sauce, time"
0.026,"great, sauce"
0.024,"also, sauce"
0.023,"like, sauce"
0.022,"sauce, service"
0.021,"ordered, sauce"
0.021,"really, sauce"
0.021,"food, good, sauce"
0.021,"good, place, sauce"
0.026,"food, many"
0.038,"many, place"
0.03,"many, one"
0.027,"get, many"
0.027,"many, time"
0.024,"great, many"
0.021,"many, would"
0.02,"many, service"
0.038,"good, many"
0.02,"many, u"
0.022,"like, many"
0.021,"also, many"
0.02,"could, many"
0.022,"good, many, place"
0.02,"many, one, place"
0.021,"many, place, time"
0.03,"food, worth"
0.029,"place, worth"
0.025,"good, worth"
0.023,"getting, time"
0.02,"getting, good"
0.02,"getting, place"
0.02,"get, getting"
0.058,"come, place"
0.056,"back, come"
0.043,"come, great"
0.033,"come, got"
0.032,"come, really"
0.021,"come, friendly"
0.061,"come, food"
0.05,"come, get"
0.044,"come, service"
0.036,"come, like"
0.025,"come, even"
0.029,"come, restaurant"
0.026,"best, come"
0.021,"come, nice"
0.053,"come, time"
0.049,"come, good"
0.031,"come, go"
0.022,"come, love"
0.045,"come, one"
0.042,"come, would"
0.033,"also, come"
0.03,"come, little"
0.029,"come, make"
0.026,"come, try"
0.024,"come, well"
0.036,"come, food, place"
0.029,"back, come, place"
0.03,"back, come, food"
0.02,"back, come, food, place"
0.026,"come, great, place"
0.02,"back, come, great"
0.023,"come, food, great"
0.021,"come, great, time"
0.02,"come, get, great"
0.022,"back, come, got"
0.02,"come, got, place"
0.023,"come, place, really"
0.021,"come, food, really"
0.031,"come, food, get"
0.027,"come, get, time"
0.027,"back, come, get"
0.026,"come, get, place"
0.023,"come, food, service"
0.023,"back, come, service"
0.021,"come, get, like"
0.02,"come, food, like"
0.021,"come, good, like"
0.021,"come, like, place"
0.028,"come, food, time"
0.026,"come, place, time"
0.032,"come, food, good"
0.028,"come, good, place"
0.026,"back, come, good"
0.022,"come, good, time"
0.026,"come, get, good"
0.021,"come, food, good, place"
0.021,"come, go, place"
0.021,"come, food, go"
0.02,"back, come, go"
0.03,"come, one, place"
0.024,"come, one, time"
0.024,"come, food, one"
0.023,"back, come, one"
0.022,"come, get, one"
0.021,"come, good, one"
0.024,"back, come, would"
0.023,"come, food, would"
0.022,"come, good, would"
0.022,"come, get, would"
0.022,"come, time, would"
0.022,"come, place, would"
0.022,"also, come, place"
0.021,"also, come, good"
0.021,"come, food, little"
0.05,"place, table"
0.033,"great, table"
0.028,"come, table"
0.028,"back, table"
0.026,"got, table"
0.022,"really, table"
0.054,"food, table"
0.038,"table, u"
0.027,"restaurant, table"
0.021,"nice, table"
0.02,"ordered, table"
0.044,"table, time"
0.036,"table, would"
0.036,"one, table"
0.036,"service, table"
0.031,"get, table"
0.022,"little, table"
0.042,"good, table"
0.022,"order, table"
0.02,"drink, table"
0.02,"table, try"
0.026,"came, table"
0.021,"never, table"
0.02,"table, thing"
0.025,"go, table"
0.023,"first, table"
0.022,"didnt, table"
0.024,"experience, table"
0.027,"like, table"
0.029,"food, place, table"
0.02,"great, place, table"
0.022,"food, great, table"
0.022,"come, food, table"
0.02,"come, table, time"
0.027,"food, table, u"
0.023,"table, time, u"
0.022,"place, table, u"
0.02,"good, table, u"
0.029,"place, table, time"
0.028,"food, table, time"
0.027,"place, table, would"
0.023,"food, table, would"
0.022,"table, time, would"
0.023,"good, table, would"
0.026,"one, place, table"
0.024,"food, one, table"
0.022,"one, table, would"
0.021,"one, table, time"
0.025,"food, service, table"
0.02,"place, service, table"
0.021,"food, get, table"
0.02,"get, place, table"
0.028,"good, place, table"
0.026,"food, good, table"
0.024,"good, table, time"
0.021,"came, food, table"
0.047,"fresh, place"
0.036,"fresh, great"
0.022,"back, fresh"
0.038,"food, fresh"
0.033,"fresh, good"
0.027,"fresh, time"
0.025,"fresh, love"
0.023,"fresh, one"
0.02,"fresh, little"
0.028,"fresh, service"
0.026,"fresh, like"
0.022,"delicious, fresh"
0.02,"fresh, get"
0.023,"food, fresh, place"
0.024,"fresh, good, place"
0.04,"place, right"
0.03,"great, right"
0.028,"back, right"
0.024,"really, right"
0.023,"friendly, right"
0.022,"got, right"
0.021,"come, right"
0.038,"food, right"
0.033,"one, right"
0.029,"right, time"
0.027,"right, service"
0.026,"little, right"
0.025,"right, would"
0.021,"order, right"
0.021,"first, right"
0.021,"restaurant, right"
0.021,"right, well"
0.029,"get, right"
0.023,"also, right"
0.035,"good, right"
0.022,"right, u"
0.025,"could, right"
0.024,"came, right"
0.02,"love, right"
0.03,"like, right"
0.026,"go, right"
0.02,"food, place, right"
0.022,"food, good, right"
0.023,"good, place, right"
0.02,"like, place, right"
0.042,"place, take"
0.028,"back, take"
0.024,"come, take"
0.023,"really, take"
0.022,"great, take"
0.035,"get, take"
0.035,"take, time"
0.02,"make, take"
0.034,"one, take"
0.03,"food, take"
0.028,"take, would"
0.021,"take, well"
0.02,"order, take"
0.02,"even, take"
0.036,"good, take"
0.022,"im, take"
0.02,"take, try"
0.021,"people, take"
0.02,"go, take"
0.022,"like, take"
0.022,"get, place, take"
0.021,"get, good, take"
0.021,"place, take, time"
0.022,"good, one, take"
0.021,"one, place, take"
0.024,"food, good, take"
0.023,"good, place, take"
0.031,"everything, great"
0.031,"everything, place"
0.027,"everything, time"
0.031,"everything, good"
0.026,"everything, one"
0.026,"everything, food"
0.02,"everything, get"
0.025,"everything, like"
0.022,"everything, go"
0.022,"everything, service"
0.034,"place, small"
0.022,"great, small"
0.028,"good, small"
0.024,"food, small"
0.023,"get, small"
0.022,"one, small"
0.02,"service, small"
0.022,"small, time"
0.028,"found, place"
0.021,"found, time"
0.022,"found, would"
0.021,"found, good"
0.021,"found, get"
0.02,"great, pizza"
0.028,"good, pizza"
0.021,"home, place"
0.025,"food, home"
0.026,"great, perfect"
0.021,"good, perfect"
0.02,"good, old"
0.136,"food, service"
0.112,"great, service"
0.104,"place, service"
0.115,"good, service"
0.062,"food, great, service"
0.044,"good, great, service"
0.028,"food, good, great, service"
0.064,"food, place, service"
0.047,"great, place, service"
0.048,"good, place, service"
0.032,"food, great, place, service"
0.021,"good, great, place, service"
0.028,"food, good, place, service"
0.066,"food, good, service"
0.054,"food, order"
0.04,"order, service"
0.055,"good, order"
0.038,"order, would"
0.023,"even, order"
0.051,"order, time"
0.036,"one, order"
0.029,"order, really"
0.024,"order, restaurant"
0.023,"first, order"
0.022,"little, order"
0.022,"order, well"
0.054,"order, place"
0.05,"get, order"
0.038,"great, order"
0.037,"back, order"
0.031,"make, order"
0.027,"order, try"
0.027,"also, order"
0.026,"come, order"
0.024,"got, order"
0.024,"im, order"
0.024,"order, u"
0.02,"ive, order"
0.033,"go, order"
0.022,"order, went"
0.022,"could, order"
0.032,"like, order"
0.029,"food, good, order"
0.03,"food, order, place"
0.025,"food, order, service"
0.023,"order, service, time"
0.022,"good, order, service"
0.02,"get, order, service"
0.022,"food, order, would"
0.022,"order, time, would"
0.02,"get, order, would"
0.028,"food, order, time"
0.03,"good, order, time"
0.026,"order, place, time"
0.022,"one, order, time"
0.023,"good, one, order"
0.021,"one, order, place"
0.032,"good, order, place"
0.029,"get, good, order"
0.026,"get, order, place"
0.025,"get, order, time"
0.025,"food, get, order"
0.025,"back, good, order"
0.023,"back, food, order"
0.021,"back, order, time"
0.02,"back, get, order"
0.021,"order, time, try"
0.021,"also, good, order"
0.021,"get, like, order"
0.029,"food, long"
0.028,"long, service"
0.028,"good, long"
0.035,"long, time"
0.027,"long, would"
0.022,"long, one"
0.029,"long, place"
0.027,"get, long"
0.022,"great, long"
0.028,"place, youre"
0.022,"food, wine"
0.024,"good, wine"
0.06,"delicious, food"
0.059,"delicious, place"
0.048,"delicious, service"
0.047,"delicious, great"
0.038,"back, delicious"
0.021,"delicious, love"
0.03,"delicious, really"
0.021,"delicious, go"
0.051,"delicious, good"
0.028,"delicious, friendly"
0.02,"delicious, staff"
0.034,"also, delicious"
0.033,"delicious, one"
0.03,"delicious, time"
0.028,"delicious, get"
0.024,"best, delicious"
0.023,"delicious, would"
0.02,"delicious, little"
0.027,"delicious, like"
0.02,"delicious, even"
0.023,"delicious, restaurant"
0.031,"delicious, food, place"
0.026,"delicious, food, service"
0.023,"delicious, place, service"
0.022,"delicious, good, service"
0.026,"delicious, food, great"
0.025,"delicious, great, place"
0.021,"delicious, great, service"
0.022,"back, delicious, food"
0.028,"delicious, food, good"
0.024,"delicious, good, place"
0.046,"always, great"
0.045,"always, place"
0.044,"always, food"
0.039,"always, service"
0.03,"always, love"
0.041,"always, time"
0.039,"always, get"
0.02,"always, best"
0.031,"always, like"
0.026,"always, friendly"
0.023,"always, ive"
0.041,"always, good"
0.029,"always, go"
0.027,"always, really"
0.026,"always, one"
0.025,"always, would"
0.024,"always, well"
0.024,"always, staff"
0.022,"always, dont"
0.022,"always, make"
0.023,"always, great, place"
0.022,"always, food, place"
0.022,"always, food, service"
0.021,"always, great, service"
0.022,"always, get, time"
0.022,"always, get, place"
0.023,"always, food, good"
0.063,"place, thing"
0.045,"great, thing"
0.039,"food, thing"
0.034,"back, thing"
0.026,"service, thing"
0.02,"delicious, thing"
0.048,"good, thing"
0.044,"thing, time"
0.042,"one, thing"
0.04,"thing, would"
0.029,"got, thing"
0.029,"restaurant, thing"
0.028,"thing, u"
0.026,"ive, thing"
0.026,"little, thing"
0.025,"thing, try"
0.025,"make, thing"
0.022,"im, thing"
0.021,"came, thing"
0.02,"never, thing"
0.02,"come, thing"
0.039,"like, thing"
0.035,"get, thing"
0.033,"go, thing"
0.032,"really, thing"
0.028,"also, thing"
0.025,"thing, well"
0.021,"even, thing"
0.021,"nice, thing"
0.028,"dont, thing"
0.02,"much, thing"
0.02,"first, thing"
0.027,"best, thing"
0.026,"didnt, thing"
0.025,"could, thing"
0.026,"great, place, thing"
0.027,"food, place, thing"
0.02,"food, great, thing"
0.022,"food, good, thing"
0.023,"back, place, thing"
0.021,"back, thing, would"
0.02,"back, like, thing"
0.031,"good, place, thing"
0.03,"place, thing, time"
0.024,"good, thing, time"
0.026,"one, place, thing"
0.025,"one, thing, time"
0.022,"good, one, thing"
0.03,"place, thing, would"
0.023,"one, thing, would"
0.023,"thing, time, would"
0.02,"good, thing, would"
0.02,"food, restaurant, thing"
0.022,"make, place, thing"
0.027,"like, place, thing"
0.022,"like, one, thing"
0.02,"good, like, thing"
0.021,"like, thing, would"
0.022,"get, place, thing"
0.02,"get, good, thing"
0.024,"go, place, thing"
0.022,"one, really, thing"
0.022,"place, really, thing"
0.02,"like, really, thing"
0.047,"place, still"
0.039,"food, still"
0.032,"great, still"
0.029,"service, still"
0.028,"back, still"
0.021,"still, thing"
0.05,"good, still"
0.037,"still, would"
0.037,"still, time"
0.036,"one, still"
0.034,"get, still"
0.029,"come, still"
0.026,"order, still"
0.024,"little, still"
0.022,"ordered, still"
0.022,"also, still"
0.021,"make, still"
0.028,"still, u"
0.024,"still, went"
0.038,"like, still"
0.025,"first, still"
0.024,"restaurant, still"
0.021,"im, still"
0.025,"really, still"
0.024,"go, still"
0.022,"still, well"
0.025,"good, place, still"
0.024,"food, place, still"
0.026,"food, good, still"
0.024,"place, still, would"
0.024,"good, still, would"
0.02,"food, still, would"
0.024,"place, still, time"
0.022,"good, still, time"
0.02,"like, still, time"
0.025,"good, one, still"
0.024,"one, place, still"
0.023,"get, place, still"
0.022,"get, still, time"
0.021,"get, good, still"
0.027,"good, like, still"
0.021,"like, place, still"
0.02,"first, good, still"
0.04,"place, say"
0.034,"say, service"
0.034,"great, say"
0.033,"food, say"
0.031,"back, say"
0.029,"say, thing"
0.02,"delicious, say"
0.041,"good, say"
0.036,"say, would"
0.033,"one, say"
0.032,"say, time"
0.025,"say, u"
0.025,"got, say"
0.023,"come, say"
0.022,"restaurant, say"
0.02,"menu, say"
0.02,"came, say"
0.02,"make, say"
0.038,"like, say"
0.035,"get, say"
0.028,"go, say"
0.024,"nice, say"
0.023,"really, say"
0.022,"even, say"
0.021,"also, say"
0.02,"know, say"
0.021,"could, say"
0.02,"first, say"
0.022,"dont, say"
0.021,"good, place, say"
0.02,"food, say, service"
0.02,"place, say, thing"
0.02,"like, say, would"
0.023,"like, place, say"
0.02,"good, like, say"
0.022,"get, good, say"
0.02,"get, like, say"
0.02,"get, place, say"
0.02,"get, say, would"
0.02,"go, place, say"
0.036,"cant, place"
0.03,"cant, great"
0.027,"back, cant"
0.027,"cant, food"
0.028,"cant, go"
0.031,"cant, good"
0.02,"cant, time"
0.03,"cant, get"
0.024,"cant, one"
0.021,"cant, staff"
0.037,"food, meal"
0.036,"meal, place"
0.033,"meal, service"
0.027,"great, meal"
0.022,"back, meal"
0.024,"meal, time"
0.022,"meal, would"
0.021,"meal, order"
0.02,"meal, one"
0.039,"good, meal"
0.024,"like, meal"
0.024,"get, meal"
0.022,"came, meal"
0.02,"food, good, meal"
0.023,"food, meal, place"
0.023,"good, meal, place"
0.021,"food, meal, service"
0.026,"place, visit"
0.022,"great, visit"
0.021,"back, visit"
0.02,"service, visit"
0.021,"visit, would"
0.02,"time, visit"
0.025,"option, place"
0.024,"food, option"
0.02,"great, option"
0.024,"good, option"
0.023,"great, loved"
0.02,"loved, service"
0.02,"place, quick"
0.045,"nice, service"
0.024,"nice, staff"
0.048,"food, nice"
0.07,"good, nice"
0.039,"go, nice"
0.03,"friendly, nice"
0.069,"nice, place"
0.042,"nice, would"
0.04,"like, nice"
0.051,"great, nice"
0.043,"nice, really"
0.041,"back, nice"
0.04,"get, nice"
0.04,"nice, one"
0.038,"also, nice"
0.045,"nice, time"
0.022,"food, nice, service"
0.02,"good, nice, service"
0.022,"nice, place, service"
0.031,"food, good, nice"
0.031,"food, nice, place"
0.022,"food, good, nice, place"
0.02,"go, good, nice"
0.025,"go, nice, place"
0.02,"back, go, nice"
0.043,"good, nice, place"
0.024,"nice, place, would"
0.024,"good, nice, would"
0.024,"like, nice, place"
0.024,"good, like, nice"
0.03,"great, nice, place"
0.027,"good, great, nice"
0.03,"good, nice, really"
0.027,"nice, place, really"
0.02,"great, nice, really"
0.022,"good, nice, place, really"
0.024,"back, nice, place"
0.023,"back, good, nice"
0.024,"nice, one, place"
0.022,"good, nice, one"
0.025,"also, nice, place"
0.022,"also, good, nice"
0.021,"also, nice, one"
0.025,"nice, place, time"
0.024,"good, nice, time"
0.023,"chicken, service"
0.048,"chicken, food"
0.021,"chicken, ordered"
0.04,"chicken, place"
0.042,"chicken, good"
0.026,"chicken, great"
0.025,"chicken, get"
0.024,"chicken, time"
0.02,"also, chicken"
0.022,"chicken, like"
0.021,"chicken, really"
0.025,"chicken, good, place"
0.024,"chicken, food, place"
0.027,"chicken, food, good"
0.025,"favorite, place"
0.023,"favorite, good"
0.025,"favorite, one"
0.037,"best, time"
0.032,"best, get"
0.045,"best, food"
0.058,"best, place"
0.053,"best, good"
0.049,"best, great"
0.046,"best, one"
0.034,"back, best"
0.029,"best, would"
0.028,"best, staff"
0.026,"also, best"
0.023,"best, friendly"
0.027,"best, go"
0.042,"best, service"
0.034,"best, like"
0.026,"best, really"
0.024,"best, food, place"
0.022,"best, food, good"
0.021,"best, food, one"
0.02,"best, food, great"
0.025,"best, good, place"
0.025,"best, great, place"
0.027,"best, great, one"
0.024,"best, good, one"
0.024,"best, one, place"
0.021,"best, good, service"
0.02,"best, great, service"
0.02,"best, one, service"
0.021,"best, food, service"
0.02,"best, good, like"
0.027,"need, time"
0.025,"get, need"
0.023,"food, need"
0.021,"like, need"
0.02,"could, need"
0.028,"good, need"
0.027,"go, need"
0.037,"need, place"
0.03,"need, one"
0.028,"great, need"
0.024,"need, would"
0.021,"also, need"
0.022,"need, really"
0.032,"best, ever"
0.029,"ever, time"
0.022,"ever, get"
0.028,"ever, one"
0.027,"ever, service"
0.025,"ever, would"
0.024,"ever, food"
0.03,"ever, good"
0.023,"back, ever"
0.023,"ever, place"
0.022,"ever, great"
0.022,"ever, like"
0.02,"ever, ive"
0.027,"time, year"
0.022,"get, year"
0.025,"great, year"
0.023,"one, year"
0.02,"also, year"
0.032,"place, year"
0.03,"good, year"
0.023,"food, year"
0.024,"like, year"
0.02,"go, year"
0.034,"time, work"
0.026,"get, work"
0.02,"friendly, work"
0.031,"good, work"
0.022,"service, work"
0.021,"food, work"
0.028,"work, would"
0.021,"staff, work"
0.03,"great, work"
0.021,"like, work"
0.03,"one, work"
0.029,"place, work"
0.02,"little, work"
0.027,"last, time"
0.022,"food, last"
0.02,"last, service"
0.024,"good, last"
0.021,"last, place"
0.02,"great, last"
0.02,"one, week"
0.024,"good, week"
0.02,"go, week"
0.02,"time, week"
0.02,"week, would"
0.092,"good, would"
0.086,"food, would"
0.082,"time, would"
0.076,"one, would"
0.07,"service, would"
0.095,"place, would"
0.079,"great, would"
0.067,"get, would"
0.069,"back, would"
0.074,"like, would"
0.048,"good, place, would"
0.047,"food, good, would"
0.047,"food, place, would"
0.025,"food, good, place, would"
0.038,"food, time, would"
0.042,"place, time, would"
0.037,"good, time, would"
0.023,"food, place, time, would"
0.024,"food, good, time, would"
0.024,"good, place, time, would"
0.042,"one, time, would"
0.034,"food, one, would"
0.041,"one, place, would"
0.028,"great, one, would"
0.037,"good, one, would"
0.021,"food, one, time, would"
0.023,"food, one, place, would"
0.021,"food, good, one, would"
0.025,"one, place, time, would"
0.025,"good, one, place, would"
0.022,"good, one, time, would"
0.036,"food, service, would"
0.031,"one, service, would"
0.03,"service, time, would"
0.035,"great, service, would"
0.031,"place, service, would"
0.028,"like, service, would"
0.031,"good, service, would"
0.02,"food, great, service, would"
0.021,"food, place, service, would"
0.041,"great, place, would"
0.038,"great, time, would"
0.037,"food, great, would"
0.03,"good, great, would"
0.021,"food, great, place, would"
0.039,"get, time, would"
0.032,"get, one, would"
0.032,"get, place, would"
0.031,"get, great, would"
0.029,"food, get, would"
0.027,"get, service, would"
0.031,"back, get, would"
0.029,"get, good, would"
0.033,"get, like, would"
0.021,"get, one, time, would"
0.021,"get, like, one, would"
0.022,"get, like, time, would"
0.034,"back, good, would"
0.032,"back, time, would"
0.031,"back, one, would"
0.031,"back, place, would"
0.03,"back, food, would"
0.028,"back, great, would"
0.027,"back, service, would"
0.032,"back, like, would"
0.04,"like, place, would"
0.046,"good, like, would"
0.032,"great, like, would"
0.035,"like, one, would"
0.034,"like, time, would"
0.034,"food, like, would"
0.024,"good, like, place, would"
0.02,"good, like, one, would"
0.023,"like, one, time, would"
0.021,"like, place, time, would"
0.022,"good, like, time, would"
0.024,"food, good, like, would"
0.059,"even, good"
0.05,"even, food"
0.046,"even, would"
0.044,"even, service"
0.043,"even, get"
0.038,"even, like"
0.055,"even, place"
0.053,"even, time"
0.036,"back, even"
0.035,"even, really"
0.034,"even, go"
0.04,"even, one"
0.031,"even, well"
0.021,"even, restaurant"
0.025,"even, nice"
0.023,"also, even"
0.048,"even, great"
0.02,"even, got"
0.03,"even, food, good"
0.021,"even, food, time"
0.021,"even, food, place"
0.023,"even, good, would"
0.023,"even, place, would"
0.021,"even, great, would"
0.021,"even, food, service"
0.02,"even, good, service"
0.022,"even, get, place"
0.022,"even, get, good"
0.021,"even, get, time"
0.021,"even, get, like"
0.022,"even, like, place"
0.023,"even, good, like"
0.021,"even, like, time"
0.027,"even, good, place"
0.026,"even, good, time"
0.022,"even, place, time"
0.022,"back, even, good"
0.021,"even, really, time"
0.024,"even, one, time"
0.022,"even, one, would"
0.02,"even, food, one"
0.022,"even, one, place"
0.021,"even, get, one"
0.026,"even, great, place"
0.02,"even, good, great"
0.034,"give, would"
0.034,"give, good"
0.03,"food, give"
0.028,"give, time"
0.02,"give, really"
0.026,"give, one"
0.021,"give, star"
0.021,"give, go"
0.024,"back, give"
0.02,"give, like"
0.02,"give, great"
0.034,"give, place"
0.02,"give, good, place"
0.056,"ive, time"
0.032,"ive, really"
0.02,"ive, make"
0.049,"food, ive"
0.042,"ive, service"
0.04,"get, ive"
0.035,"ive, like"
0.028,"even, ive"
0.025,"could, ive"
0.025,"come, ive"
0.055,"ive, place"
0.047,"good, ive"
0.031,"back, ive"
0.024,"go, ive"
0.046,"ive, one"
0.038,"great, ive"
0.034,"ive, would"
0.021,"ive, little"
0.029,"im, ive"
0.023,"ive, well"
0.029,"ive, restaurant"
0.027,"ive, try"
0.023,"ive, love"
0.033,"also, ive"
0.021,"ive, nice"
0.023,"definitely, ive"
0.022,"dont, ive"
0.021,"first, ive"
0.028,"best, ive"
0.023,"ive, place, really"
0.02,"good, ive, really"
0.037,"food, ive, place"
0.026,"food, ive, time"
0.024,"food, ive, place, time"
0.024,"food, ive, service"
0.027,"ive, service, time"
0.023,"ive, place, service"
0.02,"ive, one, service"
0.02,"food, ive, place, service"
0.02,"food, get, ive"
0.025,"get, ive, place"
0.022,"get, ive, time"
0.02,"get, good, ive"
0.021,"get, ive, like"
0.02,"food, ive, like"
0.027,"good, ive, like"
0.021,"ive, like, place"
0.036,"ive, place, time"
0.031,"good, ive, place"
0.029,"food, good, ive"
0.025,"good, ive, time"
0.023,"food, good, ive, place"
0.02,"good, ive, place, time"
0.03,"ive, one, place"
0.029,"ive, one, time"
0.024,"food, ive, one"
0.024,"good, ive, one"
0.022,"ive, one, place, time"
0.021,"food, ive, one, place"
0.024,"great, ive, time"
0.022,"great, ive, service"
0.021,"great, ive, one"
0.02,"great, ive, place"
0.02,"ive, time, would"
0.021,"good, ive, would"
0.02,"food, im, ive"
0.02,"im, ive, place"
0.023,"ive, place, restaurant"
0.021,"food, ive, restaurant"
0.022,"also, ive, place"
0.036,"time, wait"
0.02,"really, wait"
0.047,"food, wait"
0.023,"u, wait"
0.021,"table, wait"
0.02,"come, wait"
0.027,"wait, would"
0.025,"service, wait"
0.021,"friendly, wait"
0.021,"one, wait"
0.039,"good, wait"
0.024,"go, wait"
0.022,"try, wait"
0.036,"place, wait"
0.03,"back, wait"
0.029,"staff, wait"
0.029,"get, wait"
0.025,"great, wait"
0.022,"also, wait"
0.02,"food, time, wait"
0.025,"food, good, wait"
0.02,"food, place, wait"
0.03,"make, sure"
0.029,"sure, time"
0.025,"really, sure"
0.035,"food, sure"
0.033,"good, sure"
0.029,"place, sure"
0.023,"sure, would"
0.021,"one, sure"
0.02,"im, sure"
0.028,"like, sure"
0.025,"service, sure"
0.024,"great, sure"
0.021,"get, sure"
0.029,"customer, time"
0.02,"customer, make"
0.044,"customer, service"
0.026,"customer, would"
0.02,"customer, one"
0.021,"customer, good"
0.026,"customer, place"
0.02,"customer, like"
0.02,"customer, get"
0.021,"back, customer"
0.02,"business, place"
0.022,"busy, food"
0.022,"busy, place"
0.021,"busy, good"
0.031,"excellent, food"
0.022,"excellent, good"
0.021,"excellent, place"
0.023,"excellent, great"
0.02,"excellent, service"
0.055,"could, food"
0.046,"could, like"
0.042,"could, get"
0.042,"could, service"
0.032,"come, could"
0.021,"could, even"
0.021,"could, friendly"
0.049,"could, time"
0.043,"back, could"
0.038,"could, go"
0.034,"could, got"
0.024,"could, make"
0.021,"could, try"
0.02,"could, definitely"
0.054,"could, good"
0.045,"could, would"
0.044,"could, great"
0.028,"could, restaurant"
0.06,"could, place"
0.043,"could, one"
0.033,"could, u"
0.025,"could, nice"
0.031,"could, really"
0.028,"could, little"
0.022,"could, dont"
0.021,"could, well"
0.029,"also, could"
0.035,"could, food, place"
0.024,"could, food, like"
0.027,"could, good, like"
0.021,"could, like, time"
0.027,"could, like, place"
0.022,"could, get, like"
0.022,"could, food, get"
0.023,"could, get, time"
0.021,"could, get, good"
0.022,"could, get, would"
0.021,"could, get, one"
0.021,"could, get, great"
0.022,"could, get, place"
0.022,"could, food, service"
0.02,"could, great, service"
0.023,"could, place, service"
0.022,"come, could, food"
0.027,"could, place, time"
0.023,"could, good, time"
0.022,"could, food, time"
0.023,"back, could, good"
0.022,"back, could, great"
0.021,"back, could, would"
0.025,"back, could, food"
0.023,"back, could, place"
0.021,"could, get, go"
0.02,"back, could, go"
0.024,"could, go, place"
0.02,"could, good, got"
0.021,"could, got, place"
0.031,"could, good, place"
0.03,"could, food, good"
0.02,"could, food, good, place"
0.025,"could, like, would"
0.021,"could, good, would"
0.023,"could, place, would"
0.024,"could, time, would"
0.02,"could, great, would"
0.028,"could, great, place"
0.022,"could, food, great"
0.021,"could, great, time"
0.021,"could, food, restaurant"
0.025,"could, one, place"
0.023,"could, food, one"
0.025,"could, one, time"
0.023,"could, one, would"
0.02,"could, great, one"
0.021,"could, time, u"
0.021,"could, place, u"
0.035,"food, side"
0.025,"like, side"
0.021,"service, side"
0.044,"good, side"
0.032,"place, side"
0.027,"side, time"
0.022,"restaurant, side"
0.021,"side, well"
0.02,"side, try"
0.025,"one, side"
0.024,"side, would"
0.03,"great, side"
0.02,"really, side"
0.021,"food, good, side"
0.021,"good, place, side"
0.02,"good, side, time"
0.032,"cheese, food"
0.023,"cheese, like"
0.022,"cheese, service"
0.033,"cheese, good"
0.023,"cheese, great"
0.03,"cheese, place"
0.02,"cheese, would"
0.02,"cheese, time"
0.02,"ask, like"
0.021,"food, large"
0.022,"large, one"
0.02,"large, place"
0.02,"good, large"
0.02,"large, time"
0.024,"food, plate"
0.02,"plate, service"
0.02,"around, staff"
0.043,"around, place"
0.035,"around, good"
0.035,"around, food"
0.031,"around, would"
0.03,"around, time"
0.029,"around, get"
0.027,"around, back"
0.027,"around, one"
0.023,"around, great"
0.02,"around, got"
0.02,"also, around"
0.023,"around, service"
0.021,"around, restaurant"
0.023,"around, go"
0.022,"around, like"
0.023,"around, u"
0.023,"around, food, good"
0.021,"around, food, place"
0.022,"around, food, would"
0.022,"around, place, would"
0.021,"around, get, place"
0.022,"fast, food"
0.021,"fast, good"
0.02,"fast, place"
0.048,"didnt, place"
0.04,"didnt, food"
0.035,"didnt, great"
0.034,"didnt, service"
0.032,"didnt, go"
0.028,"didnt, really"
0.051,"didnt, would"
0.047,"didnt, time"
0.044,"didnt, one"
0.028,"didnt, even"
0.026,"didnt, first"
0.024,"didnt, little"
0.021,"didnt, order"
0.02,"didnt, well"
0.045,"didnt, like"
0.023,"didnt, nice"
0.038,"back, didnt"
0.034,"didnt, u"
0.025,"didnt, went"
0.024,"also, didnt"
0.056,"didnt, good"
0.038,"didnt, get"
0.035,"didnt, got"
0.027,"could, didnt"
0.024,"didnt, try"
0.022,"didnt, make"
0.028,"didnt, dont"
0.028,"didnt, place, would"
0.024,"didnt, good, place"
0.024,"didnt, food, good"
0.02,"didnt, go, time"
0.027,"didnt, good, would"
0.024,"didnt, time, would"
0.025,"didnt, good, time"
0.024,"didnt, place, time"
0.028,"didnt, one, would"
0.026,"didnt, one, time"
0.025,"didnt, one, place"
0.024,"didnt, like, one"
0.023,"didnt, good, one"
0.029,"didnt, like, would"
0.027,"didnt, like, place"
0.029,"didnt, good, like"
0.024,"didnt, like, time"
0.023,"back, didnt, would"
0.02,"back, didnt, one"
0.023,"back, didnt, time"
0.021,"didnt, good, u"
0.02,"didnt, get, like"
0.02,"didnt, get, good"
0.021,"didnt, get, would"
0.02,"back, didnt, got"
0.02,"didnt, got, like"
0.02,"didnt, got, would"
0.038,"beer, food"
0.033,"beer, great"
0.028,"beer, place"
0.026,"beer, service"
0.034,"beer, good"
0.021,"beer, food, great"
0.032,"food, said"
0.025,"really, said"
0.025,"go, said"
0.025,"place, said"
0.022,"didnt, said"
0.022,"said, service"
0.021,"great, said"
0.03,"said, would"
0.03,"said, time"
0.028,"one, said"
0.035,"good, said"
0.022,"said, u"
0.02,"got, said"
0.026,"get, said"
0.024,"back, said"
0.022,"like, said"
0.021,"food, good, said"
0.033,"looking, place"
0.023,"food, looking"
0.02,"great, looking"
0.027,"good, looking"
0.02,"like, looking"
0.02,"great, local"
0.08,"food, restaurant"
0.028,"best, restaurant"
0.027,"nice, restaurant"
0.071,"good, restaurant"
0.045,"like, restaurant"
0.038,"go, restaurant"
0.058,"place, restaurant"
0.048,"restaurant, time"
0.057,"restaurant, service"
0.047,"restaurant, would"
0.046,"one, restaurant"
0.04,"really, restaurant"
0.028,"friendly, restaurant"
0.026,"restaurant, well"
0.035,"back, restaurant"
0.045,"great, restaurant"
0.02,"restaurant, staff"
0.041,"get, restaurant"
0.028,"also, restaurant"
0.042,"food, good, restaurant"
0.03,"good, like, restaurant"
0.028,"food, like, restaurant"
0.022,"like, restaurant, would"
0.021,"like, restaurant, service"
0.027,"like, place, restaurant"
0.022,"like, restaurant, time"
0.021,"like, one, restaurant"
0.02,"good, like, restaurant, would"
0.025,"food, go, restaurant"
0.024,"go, good, restaurant"
0.02,"go, place, restaurant"
0.034,"good, place, restaurant"
0.039,"food, place, restaurant"
0.022,"food, good, place, restaurant"
0.032,"place, restaurant, time"
0.027,"good, restaurant, time"
0.031,"food, restaurant, time"
0.02,"restaurant, service, time"
0.02,"good, place, restaurant, time"
0.021,"food, place, restaurant, time"
0.036,"food, restaurant, service"
0.035,"good, restaurant, service"
0.023,"place, restaurant, service"
0.021,"food, good, restaurant, service"
0.034,"food, restaurant, would"
0.022,"restaurant, time, would"
0.021,"restaurant, service, would"
0.031,"good, restaurant, would"
0.028,"place, restaurant, would"
0.022,"food, good, restaurant, would"
0.023,"food, place, restaurant, would"
0.021,"good, place, restaurant, would"
0.027,"food, one, restaurant"
0.024,"one, restaurant, service"
0.022,"one, restaurant, would"
0.022,"one, restaurant, time"
0.03,"one, place, restaurant"
0.029,"good, one, restaurant"
0.021,"food, one, place, restaurant"
0.021,"good, one, place, restaurant"
0.029,"food, really, restaurant"
0.026,"good, really, restaurant"
0.023,"place, really, restaurant"
0.02,"like, really, restaurant"
0.025,"back, good, restaurant"
0.022,"back, food, restaurant"
0.027,"great, restaurant, service"
0.025,"good, great, restaurant"
0.02,"great, restaurant, would"
0.03,"food, great, restaurant"
0.022,"great, place, restaurant"
0.025,"get, restaurant, time"
0.024,"get, good, restaurant"
0.026,"food, get, restaurant"
0.025,"get, like, restaurant"
0.024,"get, place, restaurant"
0.02,"also, food, restaurant"
0.03,"food, two"
0.02,"come, two"
0.02,"restaurant, two"
0.034,"good, two"
0.028,"service, two"
0.025,"go, two"
0.02,"try, two"
0.02,"even, two"
0.02,"two, well"
0.04,"place, two"
0.028,"like, two"
0.022,"really, two"
0.03,"two, would"
0.025,"first, two"
0.04,"one, two"
0.032,"time, two"
0.031,"great, two"
0.028,"could, two"
0.029,"get, two"
0.024,"back, two"
0.023,"also, two"
0.021,"good, one, two"
0.023,"one, place, two"
0.02,"one, time, two"
0.022,"great, place, two"
0.021,"get, one, two"
0.02,"get, place, two"
0.023,"nice, salad"
0.022,"food, salad"
0.034,"good, salad"
0.022,"salad, service"
0.021,"salad, well"
0.028,"place, salad"
0.022,"like, salad"
0.022,"back, salad"
0.023,"also, salad"
0.021,"good, place, salad"
0.022,"burger, food"
0.024,"burger, good"
0.021,"burger, place"
0.022,"burger, service"
0.023,"good, thought"
0.044,"good, lot"
0.041,"like, lot"
0.034,"food, lot"
0.039,"lot, place"
0.038,"great, lot"
0.032,"get, lot"
0.03,"lot, really"
0.029,"lot, one"
0.025,"back, lot"
0.022,"lot, well"
0.022,"lot, service"
0.02,"lot, thing"
0.02,"little, lot"
0.021,"could, lot"
0.026,"lot, time"
0.022,"dont, lot"
0.021,"lot, would"
0.026,"good, like, lot"
0.022,"food, good, lot"
0.02,"food, lot, place"
0.023,"good, lot, place"
0.02,"get, like, lot"
0.021,"like, lot, really"
0.021,"good, lot, really"
0.046,"good, think"
0.04,"food, think"
0.03,"go, think"
0.028,"like, think"
0.041,"place, think"
0.03,"think, time"
0.033,"think, would"
0.033,"back, think"
0.029,"great, think"
0.026,"get, think"
0.025,"one, think"
0.024,"got, think"
0.021,"little, think"
0.02,"come, think"
0.02,"also, think"
0.02,"could, think"
0.02,"say, think"
0.02,"came, think"
0.02,"dont, think"
0.02,"service, think"
0.021,"think, well"
0.026,"really, think"
0.027,"food, good, think"
0.026,"food, place, think"
0.02,"food, good, place, think"
0.02,"back, go, think"
0.024,"good, like, think"
0.03,"good, place, think"
0.02,"good, think, time"
0.024,"good, think, would"
0.02,"place, think, would"
0.023,"back, good, think"
0.021,"place, really, think"
0.02,"good, really, think"
0.026,"good, look"
0.025,"like, look"
0.025,"look, place"
0.022,"look, would"
0.02,"look, really"
0.024,"look, one"
0.024,"look, time"
0.026,"great, look"
0.021,"get, look"
0.021,"choice, good"
0.056,"good, went"
0.042,"back, went"
0.04,"food, went"
0.05,"place, went"
0.038,"went, would"
0.038,"one, went"
0.036,"service, went"
0.028,"u, went"
0.024,"even, went"
0.024,"also, went"
0.021,"come, went"
0.031,"got, went"
0.048,"time, went"
0.036,"go, went"
0.036,"get, went"
0.027,"make, went"
0.024,"definitely, went"
0.023,"could, went"
0.022,"try, went"
0.023,"restaurant, went"
0.025,"nice, went"
0.023,"first, went"
0.037,"great, went"
0.035,"like, went"
0.025,"really, went"
0.023,"well, went"
0.026,"back, good, went"
0.02,"back, place, went"
0.02,"back, time, went"
0.023,"food, good, went"
0.025,"good, place, went"
0.021,"good, went, would"
0.02,"one, place, went"
0.021,"good, one, went"
0.021,"back, got, went"
0.025,"good, time, went"
0.022,"place, time, went"
0.02,"back, go, went"
0.02,"go, time, went"
0.02,"get, place, went"
0.023,"like, place, went"
0.02,"good, like, went"
0.02,"like, one, went"
0.02,"like, went, would"
0.022,"food, meat"
0.021,"good, meat"
0.038,"back, going"
0.038,"going, place"
0.037,"going, good"
0.035,"going, time"
0.032,"food, going"
0.029,"go, going"
0.026,"going, would"
0.022,"going, im"
0.022,"going, one"
0.022,"going, service"
0.02,"going, much"
0.02,"going, well"
0.033,"going, great"
0.027,"get, going"
0.021,"definitely, going"
0.023,"going, like"
0.02,"going, good, place"
0.022,"going, good, time"
0.034,"area, food"
0.033,"area, good"
0.031,"area, place"
0.026,"area, time"
0.022,"area, go"
0.029,"area, one"
0.025,"area, restaurant"
0.021,"area, would"
0.028,"area, great"
0.023,"area, get"
0.027,"area, service"
0.02,"area, nice"
0.038,"another, place"
0.035,"another, time"
0.032,"another, good"
0.029,"another, food"
0.027,"another, go"
0.027,"another, back"
0.034,"another, would"
0.029,"another, service"
0.027,"another, one"
0.029,"another, get"
0.02,"another, didnt"
0.026,"another, like"
0.021,"another, dont"
0.023,"another, place, time"
0.02,"another, good, place"
0.02,"another, time, would"
0.021,"another, like, place"
0.038,"every, time"
0.035,"every, place"
0.023,"every, good"
0.02,"every, go"
0.021,"every, service"
0.02,"every, would"
0.02,"every, one"
0.028,"every, great"
0.023,"every, like"
0.02,"every, place, time"
0.02,"food, top"
0.02,"place, top"
0.02,"service, slow"
0.023,"city, good"
0.04,"new, place"
0.028,"back, new"
0.039,"new, time"
0.022,"get, new"
0.029,"new, would"
0.024,"new, really"
0.049,"good, new"
0.023,"new, u"
0.021,"got, new"
0.025,"like, new"
0.022,"new, well"
0.024,"go, new"
0.034,"great, new"
0.032,"new, service"
0.022,"even, new"
0.021,"new, restaurant"
0.025,"new, one"
0.026,"also, new"
0.028,"food, new"
0.023,"good, new, place"
0.022,"new, place, time"
0.02,"good, new, service"
0.093,"one, time"
0.076,"food, one"
0.071,"one, service"
0.11,"one, place"
0.081,"great, one"
0.09,"good, one"
0.053,"one, place, time"
0.041,"food, one, time"
0.052,"food, one, place"
0.037,"food, great, one"
0.044,"food, good, one"
0.027,"food, one, place, time"
0.026,"food, good, one, time"
0.027,"food, great, one, place"
0.022,"food, good, great, one"
0.032,"food, good, one, place"
0.037,"food, one, service"
0.033,"one, service, time"
0.035,"great, one, service"
0.034,"one, place, service"
0.03,"good, one, service"
0.021,"food, one, service, time"
0.023,"food, great, one, service"
0.025,"food, one, place, service"
0.046,"great, one, place"
0.038,"great, one, time"
0.032,"good, great, one"
0.025,"great, one, place, time"
0.02,"good, great, one, place"
0.055,"good, one, place"
0.046,"good, one, time"
0.031,"good, one, place, time"
0.07,"first, time"
0.046,"first, would"
0.042,"first, one"
0.04,"first, food"
0.038,"first, service"
0.032,"first, really"
0.03,"first, well"
0.029,"first, restaurant"
0.026,"first, little"
0.023,"even, first"
0.022,"first, try"
0.039,"first, great"
0.057,"first, good"
0.05,"first, place"
0.041,"first, like"
0.025,"dont, first"
0.045,"back, first"
0.03,"first, got"
0.022,"could, first"
0.024,"first, u"
0.031,"first, go"
0.025,"first, nice"
0.028,"come, first"
0.036,"first, get"
0.024,"also, first"
0.026,"first, time, would"
0.028,"first, good, would"
0.021,"first, place, would"
0.029,"first, one, time"
0.021,"first, one, would"
0.026,"first, good, one"
0.02,"back, first, one"
0.023,"first, one, place"
0.02,"first, good, one, time"
0.029,"first, food, time"
0.022,"first, food, place"
0.025,"first, food, good"
0.02,"first, food, good, time"
0.025,"first, service, time"
0.02,"first, food, service"
0.02,"back, first, service"
0.02,"first, good, service"
0.021,"first, really, time"
0.021,"first, good, well"
0.021,"first, little, time"
0.025,"first, great, time"
0.041,"first, good, time"
0.034,"first, good, place"
0.035,"first, place, time"
0.025,"first, good, place, time"
0.026,"first, good, like"
0.024,"first, like, would"
0.023,"first, like, place"
0.025,"first, like, time"
0.023,"back, first, would"
0.023,"back, first, good"
0.026,"back, first, time"
0.02,"first, go, time"
0.02,"back, first, go"
0.025,"first, get, time"
0.022,"first, get, like"
0.022,"first, get, good"
0.021,"first, get, one"
0.038,"one, way"
0.036,"food, way"
0.035,"way, would"
0.035,"service, way"
0.032,"time, way"
0.025,"even, way"
0.043,"good, way"
0.026,"got, way"
0.054,"place, way"
0.032,"back, way"
0.021,"came, way"
0.02,"nice, way"
0.044,"great, way"
0.034,"like, way"
0.03,"get, way"
0.021,"also, way"
0.038,"go, way"
0.024,"much, way"
0.02,"best, way"
0.025,"could, way"
0.021,"great, one, way"
0.021,"one, place, way"
0.023,"food, place, way"
0.02,"food, great, way"
0.023,"place, way, would"
0.02,"great, service, way"
0.021,"like, time, way"
0.022,"place, time, way"
0.02,"good, time, way"
0.029,"good, place, way"
0.02,"back, place, way"
0.02,"back, go, way"
0.027,"great, place, way"
0.02,"like, way, would"
0.023,"like, place, way"
0.021,"good, like, way"
0.021,"go, great, way"
0.024,"go, place, way"
0.02,"much, place, way"
0.027,"food, though"
0.023,"though, would"
0.022,"though, time"
0.021,"service, though"
0.029,"place, though"
0.022,"like, though"
0.022,"back, though"
0.023,"get, though"
0.023,"great, though"
0.027,"good, though"
0.021,"food, taste"
0.03,"good, taste"
0.026,"place, taste"
0.02,"great, taste"
0.026,"like, taste"
0.026,"food, tasty"
0.02,"good, tasty"
0.03,"food, server"
0.024,"server, service"
0.02,"one, server"
0.02,"server, time"
0.027,"place, server"
0.022,"server, u"
0.025,"good, server"
0.02,"get, server"
0.02,"full, good"
0.023,"food, fried"
0.025,"fried, place"
0.024,"fried, good"
0.023,"food, fry"
0.026,"fry, good"
0.02,"fry, place"
0.023,"food, seating"
0.022,"place, seating"
0.023,"good, seating"
0.021,"food, probably"
0.025,"good, probably"
0.02,"back, probably"
0.021,"good, used"
0.022,"food, served"
0.021,"good, served"
0.022,"fish, food"
0.022,"food, shrimp"
0.022,"able, time"
0.049,"better, place"
0.04,"better, time"
0.04,"better, food"
0.036,"better, get"
0.033,"better, great"
0.032,"better, service"
0.031,"better, one"
0.027,"better, much"
0.027,"better, would"
0.02,"better, ive"
0.03,"back, better"
0.021,"better, price"
0.021,"better, dont"
0.033,"better, like"
0.022,"better, really"
0.02,"better, try"
0.023,"better, go"
0.02,"better, u"
0.044,"better, good"
0.026,"better, got"
0.024,"better, restaurant"
0.02,"better, went"
0.027,"better, could"
0.02,"also, better"
0.02,"better, definitely"
0.021,"better, make"
0.024,"better, place, time"
0.022,"better, good, time"
0.028,"better, food, place"
0.022,"better, get, good"
0.021,"better, great, place"
0.02,"better, one, place"
0.02,"better, good, one"
0.02,"back, better, good"
0.02,"better, like, place"
0.02,"better, like, time"
0.022,"better, good, like"
0.024,"better, good, place"
0.028,"clean, place"
0.023,"clean, great"
0.022,"clean, service"
0.02,"clean, time"
0.028,"clean, good"
0.026,"clean, friendly"
0.02,"clean, nice"
0.022,"location, would"
0.022,"location, service"
0.022,"location, place"
0.02,"location, time"
0.031,"overall, place"
0.024,"overall, time"
0.024,"food, overall"
0.023,"great, overall"
0.02,"overall, would"
0.02,"one, overall"
0.022,"good, overall"
0.027,"maybe, place"
0.024,"maybe, one"
0.021,"food, maybe"
0.02,"maybe, time"
0.025,"good, maybe"
0.023,"3, great"
0.02,"3, one"
0.02,"great, open"
0.02,"open, place"
0.02,"good, open"
0.02,"food, sat"
0.022,"street, time"
0.026,"good, street"
0.024,"place, street"
0.023,"call, time"
0.021,"call, would"
0.02,"call, service"
0.021,"leave, time"
0.035,"good, selection"
0.022,"food, selection"
0.027,"great, selection"
0.022,"place, selection"
0.025,"good, told"
0.02,"go, told"
0.02,"food, told"
0.027,"told, would"
0.024,"back, told"
0.024,"one, told"
0.023,"place, told"
0.026,"time, told"
0.021,"get, told"
0.023,"could, told"
0.029,"good, sandwich"
0.022,"food, sandwich"
0.02,"sandwich, time"
0.023,"decided, good"
0.023,"decided, place"
0.022,"back, decided"
0.02,"decided, get"
0.02,"good, left"
0.021,"left, time"
0.022,"appetizer, good"
0.02,"appetizer, food"
0.02,"dining, food"
0.03,"coffee, place"
0.027,"coffee, good"
0.023,"coffee, great"
0.021,"great, shop"
0.025,"good, nothing"
0.023,"nothing, place"
0.022,"food, nothing"
0.024,"nothing, time"
0.039,"place, want"
0.034,"good, want"
0.031,"time, want"
0.028,"food, want"
0.027,"one, want"
0.026,"want, would"
0.026,"get, want"
0.024,"great, want"
0.022,"try, want"
0.022,"make, want"
0.02,"back, want"
0.025,"go, want"
0.022,"people, want"
0.02,"want, well"
0.02,"like, want"
0.022,"good, place, want"
0.022,"place, time, want"
0.021,"good, one, want"
0.036,"something, time"
0.034,"something, would"
0.031,"get, something"
0.03,"good, something"
0.03,"place, something"
0.026,"food, something"
0.023,"one, something"
0.022,"back, something"
0.021,"great, something"
0.022,"go, something"
0.02,"service, something"
0.035,"like, something"
0.02,"something, time, would"
0.02,"get, something, time"
0.02,"get, like, something"
0.02,"place, something, time"
0.03,"kind, place"
0.028,"good, kind"
0.027,"food, kind"
0.026,"great, kind"
0.021,"kind, would"
0.021,"kind, really"
0.03,"good, quite"
0.026,"one, quite"
0.026,"place, quite"
0.022,"food, quite"
0.021,"quite, would"
0.02,"egg, good"
0.02,"egg, place"
0.02,"arrived, time"
0.049,"good, price"
0.047,"food, price"
0.045,"place, price"
0.03,"back, price"
0.03,"one, price"
0.027,"little, price"
0.026,"price, would"
0.023,"price, time"
0.02,"price, restaurant"
0.033,"get, price"
0.021,"dont, price"
0.042,"great, price"
0.025,"also, price"
0.02,"price, staff"
0.027,"like, price"
0.022,"price, really"
0.032,"price, service"
0.029,"go, price"
0.024,"food, good, price"
0.026,"food, place, price"
0.026,"good, place, price"
0.021,"great, place, price"
0.06,"came, good"
0.057,"came, food"
0.055,"came, place"
0.049,"back, came"
0.041,"came, time"
0.039,"came, would"
0.037,"came, got"
0.035,"came, come"
0.035,"came, one"
0.033,"came, u"
0.028,"came, restaurant"
0.026,"came, order"
0.026,"came, try"
0.024,"came, little"
0.023,"came, im"
0.02,"came, ive"
0.039,"came, service"
0.03,"also, came"
0.026,"came, experience"
0.026,"came, didnt"
0.025,"came, even"
0.022,"came, went"
0.027,"came, nice"
0.024,"came, well"
0.038,"came, like"
0.037,"came, get"
0.035,"came, great"
0.024,"came, definitely"
0.029,"came, could"
0.034,"came, really"
0.025,"came, go"
0.023,"came, first"
0.033,"came, food, good"
0.034,"came, good, place"
0.033,"came, food, place"
0.021,"came, food, good, place"
0.032,"back, came, good"
0.028,"back, came, place"
0.027,"back, came, food"
0.028,"came, good, time"
0.026,"came, place, time"
0.022,"back, came, time"
0.02,"came, food, time"
0.025,"came, food, would"
0.023,"back, came, would"
0.023,"came, place, would"
0.023,"came, good, would"
0.02,"came, time, would"
0.026,"came, good, got"
0.023,"back, came, got"
0.023,"came, food, got"
0.022,"came, got, place"
0.026,"back, came, come"
0.025,"came, come, food"
0.024,"came, come, place"
0.023,"came, come, good"
0.02,"came, come, would"
0.022,"came, one, place"
0.021,"came, one, time"
0.02,"came, food, one"
0.02,"came, good, one"
0.024,"came, food, u"
0.022,"came, good, u"
0.021,"came, service, u"
0.02,"came, food, restaurant"
0.02,"came, good, little"
0.027,"came, food, service"
0.021,"came, place, service"
0.024,"came, good, service"
0.02,"came, didnt, good"
0.02,"came, good, nice"
0.023,"came, food, like"
0.02,"came, like, would"
0.02,"back, came, like"
0.027,"came, good, like"
0.02,"came, like, time"
0.02,"came, like, place"
0.023,"came, food, get"
0.021,"came, get, like"
0.021,"back, came, get"
0.023,"came, get, good"
0.02,"back, came, great"
0.02,"came, food, great"
0.02,"came, great, place"
0.022,"back, came, really"
0.021,"came, good, really"
0.02,"came, food, really"
0.039,"flavor, place"
0.035,"flavor, good"
0.033,"flavor, food"
0.027,"back, flavor"
0.026,"flavor, time"
0.023,"flavor, would"
0.023,"flavor, one"
0.021,"flavor, little"
0.029,"flavor, service"
0.025,"flavor, great"
0.024,"also, flavor"
0.02,"flavor, ordered"
0.022,"first, flavor"
0.021,"flavor, good, place"
0.02,"flavor, food, place"
0.02,"flavor, place, time"
0.039,"dish, food"
0.034,"dish, good"
0.029,"dish, place"
0.023,"dish, restaurant"
0.023,"dish, one"
0.02,"dish, would"
0.028,"dish, service"
0.025,"dish, like"
0.022,"dish, get"
0.021,"dish, food, good"
0.022,"dish, food, service"
0.024,"place, tried"
0.023,"time, tried"
0.023,"good, tried"
0.021,"food, tried"
0.021,"great, tried"
0.02,"like, tried"
0.02,"get, tried"
0.02,"enjoy, good"
0.022,"bread, place"
0.026,"bread, good"
0.021,"bread, food"
0.024,"food, waitress"
0.021,"huge, place"
0.02,"good, huge"
0.045,"dont, get"
0.036,"back, dont"
0.022,"dont, little"
0.041,"dont, one"
0.04,"dont, great"
0.034,"also, dont"
0.028,"dont, got"
0.028,"dont, love"
0.027,"dont, well"
0.023,"dont, make"
0.062,"dont, place"
0.05,"dont, like"
0.049,"dont, good"
0.038,"dont, would"
0.029,"dont, even"
0.046,"dont, time"
0.042,"dont, go"
0.021,"come, dont"
0.04,"dont, food"
0.025,"dont, nice"
0.033,"dont, service"
0.038,"dont, really"
0.025,"dont, restaurant"
0.02,"dont, try"
0.029,"dont, get, place"
0.025,"dont, get, time"
0.024,"dont, get, like"
0.02,"back, dont, place"
0.022,"dont, get, one"
0.027,"dont, one, place"
0.025,"dont, like, one"
0.02,"dont, one, time"
0.024,"dont, great, place"
0.022,"also, dont, one"
0.022,"also, dont, place"
0.03,"dont, like, place"
0.031,"dont, good, place"
0.029,"dont, good, like"
0.025,"dont, place, would"
0.021,"dont, like, would"
0.02,"dont, good, would"
0.023,"dont, time, would"
0.022,"dont, one, would"
0.02,"dont, go, would"
0.02,"dont, get, would"
0.031,"dont, place, time"
0.024,"dont, like, time"
0.02,"dont, good, time"
0.02,"dont, like, place, time"
0.026,"dont, go, place"
0.024,"dont, get, go"
0.02,"dont, go, time"
0.027,"dont, food, place"
0.02,"dont, food, good"
0.021,"dont, like, really"
0.02,"dont, good, really"
0.027,"dont, place, really"
0.021,"dont, get, really"
0.02,"dont, food, really"
0.02,"dont, really, time"
0.021,"back, let"
0.02,"get, let"
0.035,"good, since"
0.024,"since, went"
0.022,"know, since"
0.021,"since, u"
0.02,"got, since"
0.039,"place, since"
0.037,"great, since"
0.032,"like, since"
0.032,"food, since"
0.031,"back, since"
0.028,"go, since"
0.028,"get, since"
0.028,"one, since"
0.028,"service, since"
0.024,"really, since"
0.023,"also, since"
0.022,"since, thing"
0.022,"come, since"
0.021,"make, since"
0.02,"never, since"
0.02,"im, since"
0.043,"since, time"
0.021,"first, since"
0.021,"since, try"
0.02,"order, since"
0.03,"since, would"
0.023,"much, since"
0.02,"good, since, time"
0.022,"place, since, time"
0.02,"great, place, since"
0.02,"great, since, time"
0.021,"like, since, time"
0.022,"back, since, time"
0.02,"get, since, time"
0.022,"gave, good"
0.021,"gave, place"
0.022,"back, gave"
0.02,"good, wanted"
0.026,"place, wanted"
0.02,"like, wanted"
0.02,"service, wanted"
0.024,"time, wanted"
0.021,"wanted, would"
0.02,"away, one"
0.028,"away, place"
0.02,"away, like"
0.02,"store, time"
0.036,"bit, great"
0.042,"bit, good"
0.037,"bit, like"
0.028,"bit, would"
0.024,"back, bit"
0.023,"bit, service"
0.038,"bit, place"
0.026,"bit, food"
0.024,"bit, one"
0.02,"bit, pretty"
0.028,"bit, time"
0.024,"bit, little"
0.021,"bit, well"
0.024,"bit, get"
0.02,"bit, really"
0.021,"bit, good, like"
0.023,"bit, like, place"
0.024,"bit, good, place"
0.02,"eating, one"
0.02,"eating, good"
0.02,"eating, place"
0.022,"good, tasted"
0.033,"different, place"
0.03,"different, good"
0.029,"different, would"
0.023,"different, like"
0.028,"different, great"
0.027,"back, different"
0.026,"different, service"
0.024,"different, time"
0.024,"different, food"
0.023,"different, one"
0.022,"id, place"
0.02,"almost, good"
0.022,"breakfast, place"
0.023,"breakfast, great"
0.022,"breakfast, good"
0.02,"breakfast, service"
0.02,"parking, place"
0.023,"place, quality"
0.021,"food, quality"
0.021,"good, seemed"
0.02,"like, seemed"
0.021,"place, sit"
0.028,"asked, place"
0.025,"asked, food"
0.023,"asked, back"
0.022,"asked, good"
0.023,"asked, one"
0.023,"asked, service"
0.023,"asked, u"
0.022,"asked, could"
0.022,"asked, time"
0.024,"asked, great"
0.023,"asked, said"
0.023,"asked, would"
0.02,"dry, food"
0.021,"either, good"
0.02,"either, place"
0.027,"food, portion"
0.025,"good, portion"
0.021,"place, portion"
0.02,"place, stop"
0.021,"called, would"
0.026,"new, orleans"
0.021,"good, size"
0.021,"cream, ice"
0.024,"inside, place"
0.023,"good, inside"
0.021,"inside, time"
0.02,"else, food"
0.022,"else, get"
